-- phpMyAdmin SQL Dump
-- version 5.2.1
-- https://www.phpmyadmin.net/
--
-- Servidor: 127.0.0.1
-- Tiempo de generación: 24-04-2025 a las 21:39:40
-- Versión del servidor: 10.4.32-MariaDB
-- Versión de PHP: 8.2.12

SET SQL_MODE = "NO_AUTO_VALUE_ON_ZERO";
START TRANSACTION;
SET time_zone = "+00:00";


/*!40101 SET @OLD_CHARACTER_SET_CLIENT=@@CHARACTER_SET_CLIENT */;
/*!40101 SET @OLD_CHARACTER_SET_RESULTS=@@CHARACTER_SET_RESULTS */;
/*!40101 SET @OLD_COLLATION_CONNECTION=@@COLLATION_CONNECTION */;
/*!40101 SET NAMES utf8mb4 */;

--
-- Base de datos: `gestor_entradas_salidas`
--

-- --------------------------------------------------------

--
-- Estructura de tabla para la tabla `categorias`
--

CREATE TABLE `categorias` (
  `id` int(11) NOT NULL,
  `categoria` varchar(250) DEFAULT NULL,
  `status` tinyint(4) DEFAULT 1
) ENGINE=InnoDB DEFAULT CHARSET=latin1 COLLATE=latin1_swedish_ci;

--
-- Volcado de datos para la tabla `categorias`
--

INSERT INTO `categorias` (`id`, `categoria`, `status`) VALUES
(1, 'Tintas', 1),
(2, 'Telas', 1),
(3, 'Papel', 1),
(4, 'Repuestos', 1),
(5, 'D Flex', 1),
(6, 'T Flex', 1),
(7, 'Materiales de la ECO', 1);

-- --------------------------------------------------------

--
-- Estructura de tabla para la tabla `categoria_sub_categoria`
--

CREATE TABLE `categoria_sub_categoria` (
  `id` int(11) NOT NULL,
  `id_sub_categoria` int(11) NOT NULL,
  `id_categoria` int(11) NOT NULL,
  `status` tinyint(4) DEFAULT 1
) ENGINE=InnoDB DEFAULT CHARSET=latin1 COLLATE=latin1_swedish_ci;

--
-- Volcado de datos para la tabla `categoria_sub_categoria`
--

INSERT INTO `categoria_sub_categoria` (`id`, `id_sub_categoria`, `id_categoria`, `status`) VALUES
(1, 1, 1, 1),
(2, 2, 1, 1),
(3, 3, 1, 1),
(4, 4, 1, 1),
(5, 5, 1, 1),
(6, 6, 2, 1),
(7, 7, 3, 1),
(8, 8, 5, 1),
(9, 9, 6, 1),
(10, 10, 7, 1);

-- --------------------------------------------------------

--
-- Estructura de tabla para la tabla `entradasalidatotal`
--

CREATE TABLE `entradasalidatotal` (
  `id` int(11) NOT NULL,
  `entradas` double DEFAULT 0,
  `salidas` double DEFAULT 0,
  `stock_actual` double DEFAULT NULL,
  `fecha_entrada` timestamp NULL DEFAULT NULL,
  `fecha_salida` timestamp NULL DEFAULT NULL,
  `status` tinyint(4) DEFAULT 1,
  `id_producto` int(11) NOT NULL
) ENGINE=InnoDB DEFAULT CHARSET=latin1 COLLATE=latin1_swedish_ci;

--
-- Volcado de datos para la tabla `entradasalidatotal`
--

INSERT INTO `entradasalidatotal` (`id`, `entradas`, `salidas`, `stock_actual`, `fecha_entrada`, `fecha_salida`, `status`, `id_producto`) VALUES
(1, 5, 0, 5, '2025-01-13 16:29:37', NULL, 1, 39),
(2, 0, 1, 1, NULL, '2025-01-13 19:23:53', 1, 40),
(3, 0, 410, 640, NULL, '2025-01-14 20:17:56', 1, 28),
(4, 0, 12.66, 139.14, NULL, '2025-01-14 20:17:56', 1, 36),
(5, 0, 414.5, 635.5, NULL, '2025-01-14 20:21:21', 1, 28),
(6, 5, 2, 3, NULL, '2025-01-15 13:10:55', 1, 39),
(7, 54, 2, 52, '2025-01-15 13:51:57', NULL, 1, 39),
(8, 2100, 414.5, 2735.5, '2025-01-15 16:31:14', NULL, 1, 28),
(9, 2, 0, 4, '2025-01-15 16:33:30', NULL, 1, 16),
(10, 0, 19.68, 29.32, NULL, '2025-01-16 15:05:58', 1, 32),
(11, 2100, 427.83, 2722.17, NULL, '2025-01-16 17:38:18', 1, 28),
(12, 0, 46.3, 2.7, NULL, '2025-01-16 17:38:18', 1, 32),
(13, 0, 38, 739.08, NULL, '2025-01-16 17:38:18', 1, 33),
(14, 0, 81.02, 518.98, NULL, '2025-01-16 17:38:18', 1, 34),
(15, 0, 28.66, 123.14, NULL, '2025-01-16 17:38:18', 1, 36),
(16, 54, 5, 49, NULL, '2025-01-17 13:35:41', 1, 39),
(17, 150, 46.3, 152.7, '2025-01-17 14:47:54', NULL, 1, 32),
(18, 0, 2, 87, NULL, '2025-01-17 17:24:23', 1, 31),
(19, 2100, 429.03, 2720.97, NULL, '2025-01-17 17:24:54', 1, 28),
(20, 150, 53.3, 145.7, NULL, '2025-01-17 17:24:54', 1, 32),
(21, 0, 84.9, 515.1, NULL, '2025-01-17 17:24:54', 1, 34),
(22, 0, 30.97, 120.83, NULL, '2025-01-17 17:24:54', 1, 36),
(23, 0, 1, 11, NULL, '2025-01-17 18:48:27', 1, 11),
(24, 0, 1, 13, NULL, '2025-01-17 18:48:27', 1, 12),
(25, 0, 1, 12, NULL, '2025-01-17 18:48:27', 1, 13),
(26, 0, 1, 15, NULL, '2025-01-17 18:48:27', 1, 14),
(27, 0, 1, 26, NULL, '2025-01-17 18:48:27', 1, 15),
(40, 0, 2, 13, NULL, '2025-01-17 19:22:46', 1, 21),
(41, 0, 2, 13, NULL, '2025-01-17 19:22:46', 1, 22),
(42, 0, 1, 12, NULL, '2025-01-17 19:22:46', 1, 23),
(43, 0, 2, 12, NULL, '2025-01-17 19:22:46', 1, 24),
(44, 2100, 433.83, 2716.17, NULL, '2025-01-17 19:23:17', 1, 28),
(45, 0, 90.52, 509.48, NULL, '2025-01-17 19:23:17', 1, 34),
(46, 0, 100.98, 499.02, NULL, '2025-01-17 19:28:51', 1, 34),
(47, 150, 62.3, 136.7, NULL, '2025-01-17 20:59:34', 1, 32),
(48, 150, 71.42, 127.58, NULL, '2025-01-20 13:12:18', 1, 32),
(49, 0, 115.48, 484.52, NULL, '2025-01-20 13:31:40', 1, 34),
(50, 2, 0, 2, '2025-01-20 17:10:26', NULL, 1, 63),
(51, 0, 1, 3, NULL, '2025-01-20 17:10:55', 1, 48),
(52, 0, 1, 2, NULL, '2025-01-20 17:10:55', 1, 53),
(53, 2, 1, 1, NULL, '2025-01-20 17:10:55', 1, 63),
(54, 0, 121.89, 478.11, NULL, '2025-01-20 17:12:08', 1, 34),
(55, 0, 52.4, 724.68, NULL, '2025-01-20 20:22:04', 1, 33),
(56, 0, 66.4, 710.68, NULL, '2025-01-21 12:52:36', 1, 33),
(57, 54, 6, 48, NULL, '2025-01-21 12:52:36', 1, 39),
(58, 0, 131.89, 468.11, NULL, '2025-01-21 12:53:20', 1, 34),
(59, 0, 67.4, 709.68, NULL, '2025-01-21 15:19:41', 1, 33),
(60, 0, 70.69, 706.39, NULL, '2025-01-21 16:24:44', 1, 33),
(61, 0, 133.89, 466.11, NULL, '2025-01-21 19:09:28', 1, 34),
(62, 2100, 438.43, 2711.57, NULL, '2025-01-21 19:38:22', 1, 28),
(63, 0, 145.89, 454.11, NULL, '2025-01-22 13:10:48', 1, 34),
(64, 2100, 441.73, 2708.27, NULL, '2025-01-22 13:32:49', 1, 28),
(65, 0, 5.5, 422, NULL, '2025-01-22 14:52:59', 1, 30),
(66, 150, 75.88, 123.12, NULL, '2025-01-22 15:27:33', 1, 32),
(67, 0, 14.5, 413, NULL, '2025-01-22 15:27:58', 1, 30),
(68, 2100, 449.73, 2700.27, NULL, '2025-01-22 18:05:59', 1, 28),
(69, 0, 78.69, 698.39, NULL, '2025-01-22 18:05:59', 1, 33),
(70, 1, 0, 1, '2025-01-22 19:46:12', NULL, 1, 65),
(71, 0, 2, 2, NULL, '2025-01-22 19:46:12', 1, 48),
(72, 0, 1, 1, NULL, '2025-01-22 19:54:34', 1, 41),
(73, 0, 17.8, 409.7, NULL, '2025-01-22 19:56:26', 1, 30),
(74, 150, 77.88, 121.12, NULL, '2025-01-22 19:56:26', 1, 32),
(75, 0, 21.32, 406.18, NULL, '2025-01-22 19:57:54', 1, 30),
(76, 0, 146.89, 453.11, NULL, '2025-01-22 20:50:10', 1, 34),
(77, 0, 147.89, 452.11, NULL, '2025-01-22 20:54:59', 1, 34),
(78, 2100, 453.37, 2696.63, NULL, '2025-01-23 17:27:38', 1, 28),
(79, 0, 164.44, 435.56, NULL, '2025-01-23 17:27:38', 1, 34),
(80, 2100, 455.61, 2694.39, NULL, '2025-01-23 17:34:55', 1, 28),
(81, 150, 87.08, 111.92, NULL, '2025-01-23 17:45:32', 1, 32),
(82, 2100, 461.61, 2688.39, NULL, '2025-01-24 12:36:45', 1, 28),
(83, 2100, 469.61, 2680.39, NULL, '2025-01-24 15:40:40', 1, 28),
(84, 0, 86.02, 691.06, NULL, '2025-01-24 15:40:40', 1, 33),
(85, 0, 6.34, 224.66, NULL, '2025-01-24 15:40:40', 1, 64),
(86, 0, 87.38, 689.7, NULL, '2025-01-24 19:00:26', 1, 33),
(87, 0, 1, 9, NULL, '2025-01-24 19:24:11', 1, 26),
(88, 0, 88.38, 688.7, NULL, '2025-01-24 19:24:12', 1, 33),
(89, 54, 7, 47, NULL, '2025-01-27 13:48:54', 1, 39),
(90, 0, 118.38, 658.7, NULL, '2025-01-27 13:49:52', 1, 33),
(91, 0, 2, 8, NULL, '2025-01-27 15:01:52', 1, 26),
(92, 5, 1, 6, '2025-01-27 15:01:52', NULL, 1, 40),
(93, 0, 2, 0, NULL, '2025-01-27 15:01:52', 1, 41),
(94, 0, 2, 1, NULL, '2025-01-27 15:01:53', 1, 53),
(95, 1, 1, 0, NULL, '2025-01-27 15:32:07', 1, 65),
(96, 150, 105.08, 93.92, NULL, '2025-01-27 16:07:01', 1, 32),
(97, 0, 177.68, 422.32, NULL, '2025-01-27 16:07:01', 1, 34),
(98, 0, 194.12, 405.88, NULL, '2025-01-27 19:49:55', 1, 34),
(99, 0, 38.97, 112.83, NULL, '2025-01-27 19:49:55', 1, 36),
(100, 0, 1, 1, NULL, '2025-01-27 19:49:55', 1, 50),
(101, 0, 121.38, 655.7, NULL, '2025-01-27 20:04:12', 1, 33),
(102, 63, 21.32, 469.18, '2025-01-27 20:08:48', NULL, 1, 30),
(103, 250, 105.08, 193.92, '2025-01-27 20:08:48', NULL, 1, 32),
(104, 1, 2, 1, '2025-01-27 20:08:48', NULL, 1, 41),
(105, 1, 0, 2, '2025-01-27 20:08:48', NULL, 1, 42),
(106, 2, 1, 1, '2025-01-27 20:08:48', NULL, 1, 65),
(107, 2, 2, 3, '2025-01-27 20:08:48', NULL, 1, 53),
(108, 54, 8, 46, NULL, '2025-01-27 20:27:52', 1, 39),
(109, 0, 395.78, 381.3, NULL, '2025-01-28 12:50:17', 1, 33),
(110, 0, 198.12, 401.88, NULL, '2025-01-28 13:17:05', 1, 34),
(111, 3, 0, 3, '2025-01-28 14:16:52', NULL, 1, 56),
(112, 54, 9, 45, NULL, '2025-01-28 14:29:54', 1, 39),
(113, 0, 199.36, 400.64, NULL, '2025-01-28 14:32:37', 1, 34),
(114, 2100, 471.61, 2678.39, NULL, '2025-01-28 16:08:08', 1, 28),
(115, 0, 211.36, 388.64, NULL, '2025-01-28 16:08:08', 1, 34),
(116, 54, 10, 44, NULL, '2025-01-28 17:05:17', 1, 39),
(117, 2100, 476.07, 2673.93, NULL, '2025-01-28 17:31:30', 1, 28),
(118, 5, 0, 5, '2025-01-28 17:45:10', NULL, 1, 60),
(119, 2100, 488.41, 2661.59, NULL, '2025-01-28 18:32:39', 1, 28),
(120, 0, 12.24, 218.76, NULL, '2025-01-28 18:32:39', 1, 64),
(121, 54, 11, 43, NULL, '2025-01-28 18:55:07', 1, 39),
(122, 0, 419.24, 357.84, NULL, '2025-01-28 19:04:48', 1, 33),
(123, 0, 4, 11, NULL, '2025-01-28 19:36:56', 1, 21),
(124, 0, 4, 11, NULL, '2025-01-28 19:36:56', 1, 22),
(125, 0, 3, 10, NULL, '2025-01-28 19:36:56', 1, 23),
(126, 0, 4, 10, NULL, '2025-01-28 19:36:56', 1, 24),
(127, 0, 1, 5, NULL, '2025-01-29 12:41:33', 1, 2),
(128, 0, 2, 25, NULL, '2025-01-29 12:41:33', 1, 15),
(129, 250, 106.92, 192.08, NULL, '2025-01-29 12:41:33', 1, 32),
(130, 0, 574.89, 202.19, NULL, '2025-01-29 12:41:33', 1, 33),
(131, 54, 12, 42, NULL, '2025-01-29 13:59:35', 1, 39),
(132, 0, 578.82, 198.26, NULL, '2025-01-29 14:31:11', 1, 33),
(133, 3, 2, 1, NULL, '2025-01-29 16:47:36', 1, 56),
(134, 0, 5.5, 4.5, NULL, '2025-01-29 17:36:47', 1, 26),
(135, 250, 111.92, 187.08, NULL, '2025-01-29 17:36:47', 1, 32),
(136, 2100, 489.41, 2660.59, NULL, '2025-01-29 20:37:23', 1, 28),
(137, 5, 1, 4, NULL, '2025-01-30 13:14:19', 1, 60),
(138, 6, 1, 5, '2025-01-30 13:34:41', NULL, 1, 60),
(139, 250, 132.2, 166.8, NULL, '2025-01-30 16:15:17', 1, 32),
(140, 0, 598.95, 141.88, NULL, '2025-01-30 16:15:17', 1, 33),
(141, 0, 212.36, 387.64, NULL, '2025-01-30 16:15:17', 1, 34),
(142, 0, 15.64, 215.36, NULL, '2025-01-30 16:15:17', 1, 64),
(143, 2100, 491.21, 2658.79, NULL, '2025-01-30 16:17:43', 1, 28),
(144, 0, 2.5, 232.58, NULL, '2025-01-30 17:00:06', 1, 55),
(145, 2100, 510.21, 2639.79, NULL, '2025-01-30 18:06:17', 1, 28),
(146, 0, 3.9, 85.1, NULL, '2025-01-30 18:06:17', 1, 31),
(147, 0, 639.53, 101.3, NULL, '2025-01-30 18:06:17', 1, 33),
(148, 54, 13, 41, NULL, '2025-01-30 20:29:56', 1, 39),
(149, 0, 4, 0, NULL, '2025-01-30 20:29:56', 1, 48),
(150, 0, 219.28, 380.72, NULL, '2025-01-30 20:58:38', 1, 34),
(151, 2100, 513.81, 2636.19, NULL, '2025-01-31 12:46:38', 1, 28),
(152, 2, 4, 1, NULL, '2025-01-31 13:23:58', 1, 53),
(153, 0, 19.04, 211.96, NULL, '2025-01-31 13:24:43', 1, 64),
(154, 1, 3, 0, NULL, '2025-01-31 14:05:57', 1, 41),
(155, 0, 3, 24, NULL, '2025-01-31 14:41:26', 1, 15),
(156, 0, 2, 10, NULL, '2025-01-31 15:17:22', 1, 11),
(157, 0, 5, 22, NULL, '2025-01-31 15:17:22', 1, 15),
(158, 0, 6.92, 200.08, NULL, '2025-01-31 15:36:28', 1, 35),
(159, 6, 3, 3, NULL, '2025-01-31 16:59:38', 1, 60),
(160, 0, 646.53, 94.3, NULL, '2025-01-31 17:11:47', 1, 33),
(161, 0, 1, 1, NULL, '2025-01-31 18:04:52', 1, 69),
(162, 2100, 515.61, 2634.39, NULL, '2025-01-31 18:21:24', 1, 28),
(163, 63, 26.82, 463.68, NULL, '2025-01-31 18:21:24', 1, 30),
(164, 250, 134.5, 164.5, NULL, '2025-01-31 18:21:24', 1, 32),
(165, 0, 220.89, 379.11, NULL, '2025-01-31 18:21:24', 1, 34),
(166, 2100, 521.01, 2628.99, NULL, '2025-02-03 16:16:07', 1, 28),
(167, 63, 29.02, 461.48, NULL, '2025-02-03 16:16:07', 1, 30),
(168, 250, 138.99, 144.01, NULL, '2025-02-03 16:16:07', 1, 32),
(169, 0, 221.89, 378.11, NULL, '2025-02-03 16:17:54', 1, 34),
(170, 54, 14, 40, NULL, '2025-02-03 16:19:36', 1, 39),
(171, 2100, 530.46, 2619.54, NULL, '2025-02-03 17:14:09', 1, 28),
(172, 63, 40.02, 450.48, NULL, '2025-02-03 17:14:09', 1, 30),
(173, 0, 670.53, 70.3, NULL, '2025-02-03 17:14:09', 1, 33),
(174, 0, 23.81, 207.19, NULL, '2025-02-03 17:14:10', 1, 64),
(175, 0, 6.5, 3.5, NULL, '2025-02-03 17:35:16', 1, 26),
(176, 250, 141.29, 141.71, NULL, '2025-02-03 19:52:17', 1, 32),
(177, 0, 707.53, 33.3, NULL, '2025-02-03 20:10:13', 1, 33),
(178, 0, 227.89, 372.11, NULL, '2025-02-03 20:10:13', 1, 34),
(179, 63, 45.02, 445.48, NULL, '2025-02-04 13:19:35', 1, 30),
(180, 0, 6, 21, NULL, '2025-02-04 13:25:02', 1, 15),
(181, 54, 16, 38, NULL, '2025-02-04 13:25:02', 1, 39),
(182, 0, 5.9, 83.1, NULL, '2025-02-04 15:14:31', 1, 31),
(183, 250, 148.29, 134.71, NULL, '2025-02-04 15:14:31', 1, 32),
(184, 4, 3, 3, '2025-02-04 20:16:02', NULL, 1, 41),
(185, 4, 0, 5, '2025-02-04 20:16:02', NULL, 1, 42),
(186, 5, 1, 4, '2025-02-04 20:16:02', NULL, 1, 65),
(187, 6, 0, 6, '2025-02-04 20:16:02', NULL, 1, 71),
(188, 2, 0, 2, '2025-02-04 20:16:02', NULL, 1, 73),
(189, 3, 0, 3, '2025-02-04 20:16:02', NULL, 1, 74),
(190, 4, 4, 3, '2025-02-04 20:16:02', NULL, 1, 53),
(191, 2, 0, 2, '2025-02-04 20:16:02', NULL, 1, 72),
(192, 2100, 539.86, 2610.14, NULL, '2025-02-04 20:20:13', 1, 28),
(193, 0, 9.9, 79.1, NULL, '2025-02-04 20:20:13', 1, 31),
(194, 0, 228.89, 371.11, NULL, '2025-02-04 20:26:56', 1, 34),
(195, 0, 233.89, 366.11, NULL, '2025-02-04 20:29:55', 1, 34),
(196, 2100, 551.36, 2598.64, NULL, '2025-02-04 20:38:43', 1, 28),
(197, 250, 150.59, 132.41, NULL, '2025-02-04 20:38:43', 1, 32),
(198, 2, 1, 1, NULL, '2025-02-05 12:29:27', 1, 73),
(199, 6, 4, 6, '2025-02-05 13:00:24', NULL, 1, 48),
(200, 2100, 571.16, 2578.84, NULL, '2025-02-05 13:58:27', 1, 28),
(201, 0, 234.12, 365.88, NULL, '2025-02-05 13:58:27', 1, 34),
(202, 2, 1, 1, NULL, '2025-02-05 15:55:49', 1, 72),
(203, 2100, 591.66, 2558.34, NULL, '2025-02-05 18:49:05', 1, 28),
(204, 0, 248.65, 351.35, NULL, '2025-02-05 18:49:05', 1, 34),
(205, 0, 2, 14, NULL, '2025-02-05 18:51:41', 1, 14),
(206, 6, 2, 4, NULL, '2025-02-05 18:51:42', 1, 71),
(207, 250, 151.8, 131.2, NULL, '2025-02-05 18:54:52', 1, 32),
(208, 0, 255.65, 344.35, NULL, '2025-02-05 21:04:51', 1, 34),
(209, 2100, 609.66, 2540.34, NULL, '2025-02-06 17:22:25', 1, 28),
(210, 63, 55.02, 435.48, NULL, '2025-02-06 17:22:25', 1, 30),
(211, 0, 259.65, 340.35, NULL, '2025-02-06 17:22:25', 1, 34),
(212, 0, 45.97, 105.83, NULL, '2025-02-06 17:22:25', 1, 36),
(213, 0, 27.81, 203.19, NULL, '2025-02-06 17:22:25', 1, 64),
(214, 2100, 613.66, 2536.34, NULL, '2025-02-06 17:27:00', 1, 28),
(215, 0, 721.53, 19.3, NULL, '2025-02-06 17:27:00', 1, 33),
(216, 0, 275.65, 324.35, NULL, '2025-02-06 17:27:00', 1, 34),
(217, 54, 17, 37, NULL, '2025-02-06 18:30:35', 1, 39),
(218, 5, 2, 5, NULL, '2025-02-06 18:31:49', 1, 40),
(219, 250, 154, 129, NULL, '2025-02-06 18:32:02', 1, 32),
(220, 0, 300.65, 299.35, NULL, '2025-02-06 18:32:02', 1, 34),
(221, 0, 2, 0, NULL, '2025-02-07 13:24:02', 1, 69),
(222, 0, 304.65, 295.35, NULL, '2025-02-07 13:24:18', 1, 34),
(223, 0, 320.65, 279.35, NULL, '2025-02-07 13:29:40', 1, 34),
(224, 0, 2, 12, NULL, '2025-02-07 13:30:14', 1, 12),
(225, 0, 2, 11, NULL, '2025-02-07 13:30:14', 1, 13),
(226, 0, 7, 20, NULL, '2025-02-07 13:30:14', 1, 15),
(227, 0, 348.65, 251.35, NULL, '2025-02-07 14:08:05', 1, 34),
(228, 0, 725.83, 15, NULL, '2025-02-07 17:00:57', 1, 33),
(229, 2, 0, 2, '2025-02-07 17:48:21', NULL, 1, 75),
(230, 2, 1, 1, NULL, '2025-02-07 17:48:49', 1, 75),
(231, 0, 31.81, 199.19, NULL, '2025-02-07 18:16:50', 1, 64),
(232, 16, 3, 13, '2025-02-07 18:17:31', NULL, 1, 60),
(233, 54, 19, 35, NULL, '2025-02-07 18:24:23', 1, 39),
(234, 250, 162, 121, NULL, '2025-02-07 18:25:58', 1, 32),
(235, 2100, 622.16, 2527.84, NULL, '2025-02-10 13:47:46', 1, 28),
(236, 317, 0, 317, '2025-02-10 17:08:18', NULL, 1, 76),
(237, 150.87, 0, 150.87, '2025-02-10 17:08:18', NULL, 1, 77),
(238, 0, 8, 19, NULL, '2025-02-10 17:52:46', 1, 15),
(239, 0, 24.9, 64.1, NULL, '2025-02-10 18:35:50', 1, 31),
(240, 0, 5.8, 229.28, NULL, '2025-02-10 18:35:50', 1, 55),
(241, 0, 399.65, 200.35, NULL, '2025-02-10 20:56:19', 1, 34),
(242, 0, 1, 6, NULL, '2025-02-11 13:47:01', 1, 4),
(243, 0, 54.97, 96.83, NULL, '2025-02-11 13:47:01', 1, 36),
(244, 4, 1, 4, NULL, '2025-02-11 13:47:37', 1, 42),
(245, 0, 412.65, 187.35, NULL, '2025-02-11 13:49:52', 1, 34),
(246, 317, 63, 254, NULL, '2025-02-11 13:49:52', 1, 76),
(247, 3, 0, 3, '2025-02-11 14:03:14', NULL, 1, 78),
(248, 3, 1, 2, NULL, '2025-02-11 14:03:39', 1, 78),
(249, 0, 419.15, 180.85, NULL, '2025-02-11 14:04:00', 1, 34),
(250, 54, 20, 34, NULL, '2025-02-11 17:53:52', 1, 39),
(251, 0, 444.15, 155.85, NULL, '2025-02-11 17:54:13', 1, 34),
(252, 16, 4, 12, NULL, '2025-02-12 13:19:52', 1, 60),
(253, 2100, 629.41, 2520.59, NULL, '2025-02-12 14:41:11', 1, 28),
(254, 0, 9, 18, NULL, '2025-02-12 14:42:01', 1, 15),
(255, 2, 2, 0, NULL, '2025-02-12 14:42:02', 1, 73),
(256, 3, 1, 2, NULL, '2025-02-12 14:42:02', 1, 74),
(257, 2100, 633.41, 2516.59, NULL, '2025-02-12 17:39:19', 1, 28),
(258, 250, 172, 111, NULL, '2025-02-12 17:39:19', 1, 32),
(259, 317, 122, 195, NULL, '2025-02-12 17:39:19', 1, 76),
(260, 54, 22, 32, NULL, '2025-02-12 20:02:10', 1, 39),
(261, 2100, 635.71, 2514.29, NULL, '2025-02-13 19:32:14', 1, 28),
(262, 250, 175.8, 107.2, NULL, '2025-02-13 19:32:14', 1, 32),
(263, 2100, 637.91, 2512.09, NULL, '2025-02-13 19:32:53', 1, 28),
(264, 6, 5, 1, NULL, '2025-02-13 19:34:10', 1, 71),
(265, 2100, 642.51, 2507.49, NULL, '2025-02-13 19:49:44', 1, 28),
(266, 250, 223.2, 59.8, NULL, '2025-02-13 19:49:44', 1, 32),
(267, 0, 476.15, 123.85, NULL, '2025-02-13 19:49:44', 1, 34),
(268, 0, 3, 13, NULL, '2025-02-13 20:07:16', 1, 14),
(269, 4, 6, 1, NULL, '2025-02-13 20:25:30', 1, 53),
(270, 2100, 644.81, 2505.19, NULL, '2025-02-14 15:35:01', 1, 28),
(271, 63, 58.32, 432.18, NULL, '2025-02-14 15:35:01', 1, 30),
(272, 250, 226.5, 56.5, NULL, '2025-02-14 15:35:01', 1, 32),
(273, 3, 0, 3, '2025-02-14 15:53:29', NULL, 1, 58),
(275, 0, 10, 0, NULL, '2025-02-14 16:13:46', 1, 26),
(276, 0, 32.9, 56.1, NULL, '2025-02-14 16:55:41', 1, 31),
(277, 5, 3, 4, NULL, '2025-02-14 16:55:41', 1, 40),
(278, 3, 1, 2, NULL, '2025-02-14 19:50:37', 1, 58),
(279, 250, 234.5, 48.5, NULL, '2025-02-14 19:51:30', 1, 32),
(280, 0, 480.47, 119.53, NULL, '2025-02-14 19:51:30', 1, 34),
(281, 317, 146, 171, NULL, '2025-02-14 19:51:30', 1, 76),
(282, 3, 2, 1, NULL, '2025-02-17 12:33:38', 1, 58),
(283, 0, 109.97, 41.83, NULL, '2025-02-17 12:45:01', 1, 36),
(284, 3, 0, 8, '2025-02-17 12:46:24', NULL, 1, 5),
(285, 2, 0, 2, '2025-02-17 12:46:24', NULL, 1, 6),
(286, 4, 0, 4, '2025-02-17 12:46:24', NULL, 1, 8),
(287, 0, 117.17, 34.63, NULL, '2025-02-17 14:12:06', 1, 36),
(288, 4, 0, 24, '2025-02-17 15:37:01', NULL, 1, 7),
(289, 2100, 666.81, 2483.19, NULL, '2025-02-17 15:41:11', 1, 28),
(290, 0, 485.27, 114.73, NULL, '2025-02-17 15:41:11', 1, 34),
(291, 317, 176, 141, NULL, '2025-02-17 15:41:11', 1, 76),
(292, 0, 494.27, 105.73, NULL, '2025-02-17 15:44:47', 1, 34),
(293, 54, 24, 30, NULL, '2025-02-17 15:45:20', 1, 39),
(294, 54, 26, 28, NULL, '2025-02-17 18:27:30', 1, 39),
(295, 0, 502.27, 97.73, NULL, '2025-02-17 18:27:51', 1, 34),
(296, 2100, 671.26, 2478.74, NULL, '2025-02-17 18:28:54', 1, 28),
(297, 0, 507.27, 92.73, NULL, '2025-02-17 18:28:54', 1, 34),
(298, 54, 27, 27, NULL, '2025-02-17 18:48:28', 1, 39),
(299, 2100, 674.88, 2475.12, NULL, '2025-02-17 19:46:42', 1, 28),
(300, 250, 238.1, 44.9, NULL, '2025-02-17 19:46:42', 1, 32),
(301, 317, 200, 117, NULL, '2025-02-17 19:46:42', 1, 76),
(302, 54, 28, 26, NULL, '2025-02-17 21:11:35', 1, 39),
(303, 0, 21.8, 213.28, NULL, '2025-02-17 21:12:47', 1, 55),
(304, 5, 2, 3, NULL, '2025-02-17 21:15:36', 1, 65),
(305, 0, 10, 17, NULL, '2025-02-18 12:34:42', 1, 15),
(306, 2100, 684.08, 2465.92, NULL, '2025-02-18 13:56:36', 1, 28),
(307, 0, 513.27, 86.73, NULL, '2025-02-18 13:56:36', 1, 34),
(308, 317, 214, 103, NULL, '2025-02-18 13:56:36', 1, 76),
(309, 3, 3, 5, NULL, '2025-02-18 13:59:46', 1, 5),
(310, 2, 2, 0, NULL, '2025-02-18 13:59:46', 1, 6),
(311, 4, 4, 20, NULL, '2025-02-18 13:59:46', 1, 7),
(312, 4, 4, 0, NULL, '2025-02-18 13:59:46', 1, 8),
(313, 4, 7, 0, NULL, '2025-02-18 17:52:22', 1, 53),
(314, 2100, 693.38, 2456.62, NULL, '2025-02-18 17:52:47', 1, 28),
(315, 63, 66.32, 424.18, NULL, '2025-02-18 17:52:47', 1, 30),
(316, 250, 261.1, 21.9, NULL, '2025-02-18 17:52:47', 1, 32),
(317, 317, 238, 79, NULL, '2025-02-18 17:52:47', 1, 76),
(318, 300, 261.1, 71.9, '2025-02-18 18:55:15', NULL, 1, 32),
(319, 700, 513.27, 712.73, '2025-02-18 18:55:15', NULL, 1, 34),
(320, 865, 238, 627, '2025-02-18 18:55:15', NULL, 1, 76),
(321, 700, 575.27, 650.73, NULL, '2025-02-18 18:56:12', 1, 34),
(322, 10, 5, 5, '2025-02-18 18:57:05', NULL, 1, 71),
(323, 5, 2, 3, '2025-02-18 18:57:05', NULL, 1, 73),
(324, 5, 7, 1, '2025-02-18 18:57:05', NULL, 1, 53),
(325, 10, 7, 3, NULL, '2025-02-18 19:12:26', 1, 71),
(326, 550, 261.1, 321.9, '2025-02-18 19:13:30', NULL, 1, 32),
(327, 54, 30, 24, NULL, '2025-02-18 19:56:22', 1, 39),
(328, 865, 253.5, 611.5, NULL, '2025-02-18 20:46:07', 1, 76),
(329, 865, 335.93, 529.07, NULL, '2025-02-18 20:46:34', 1, 76),
(330, 0, 2, 48, NULL, '2025-02-18 20:55:45', 1, 70),
(331, 0, 22.8, 212.28, NULL, '2025-02-18 21:08:06', 1, 55),
(332, 0, 24.8, 210.28, NULL, '2025-02-19 12:20:53', 1, 55),
(333, 2100, 696.45, 2453.55, NULL, '2025-02-19 13:34:41', 1, 28),
(334, 63, 69.24, 421.26, NULL, '2025-02-19 13:34:41', 1, 30),
(335, 550, 266.6, 316.4, NULL, '2025-02-19 13:34:41', 1, 32),
(336, 610, 117.17, 644.63, '2025-02-19 14:08:09', NULL, 1, 36),
(337, 865, 337.93, 527.07, NULL, '2025-02-19 16:05:26', 1, 76),
(338, 2, 2, 2, '2025-02-19 16:28:07', NULL, 1, 69),
(339, 2, 3, 1, NULL, '2025-02-19 16:28:58', 1, 69),
(340, 610, 170.17, 591.63, NULL, '2025-02-19 16:29:11', 1, 36),
(341, 865, 350.93, 514.07, NULL, '2025-02-19 16:29:11', 1, 76),
(342, 0, 3, 10, NULL, '2025-02-19 17:53:58', 1, 13),
(343, 0, 11, 16, NULL, '2025-02-19 17:53:58', 1, 15),
(344, 54, 32, 22, NULL, '2025-02-19 18:30:31', 1, 39),
(345, 610, 171.17, 590.63, NULL, '2025-02-19 18:52:40', 1, 36),
(346, 700, 609.27, 616.73, NULL, '2025-02-19 18:54:39', 1, 34),
(347, 610, 172.17, 589.63, NULL, '2025-02-19 18:54:39', 1, 36),
(348, 2100, 698.75, 2451.25, NULL, '2025-02-19 19:30:10', 1, 28),
(349, 550, 275.8, 307.2, NULL, '2025-02-19 19:30:10', 1, 32),
(350, 700, 617.27, 608.73, NULL, '2025-02-19 19:30:10', 1, 34),
(351, 610, 202.17, 559.63, NULL, '2025-02-19 19:30:10', 1, 36),
(352, 0, 3, 11, NULL, '2025-02-20 17:43:17', 1, 12),
(353, 0, 12, 15, NULL, '2025-02-20 17:43:17', 1, 15),
(354, 865, 361.93, 503.07, NULL, '2025-02-20 17:48:06', 1, 76),
(355, 0, 33.9, 55.1, NULL, '2025-02-20 17:48:49', 1, 31),
(356, 700, 618.27, 607.73, NULL, '2025-02-20 17:48:49', 1, 34),
(357, 865, 362.93, 502.07, NULL, '2025-02-20 17:48:49', 1, 76),
(358, 700, 658.27, 567.73, NULL, '2025-02-20 17:55:14', 1, 34),
(359, 865, 432.23, 432.77, NULL, '2025-02-20 17:55:14', 1, 76),
(360, 0, 6, 9, NULL, '2025-02-20 17:56:37', 1, 21),
(361, 0, 6, 9, NULL, '2025-02-20 17:56:37', 1, 22),
(362, 0, 5, 8, NULL, '2025-02-20 17:56:37', 1, 23),
(363, 0, 6, 8, NULL, '2025-02-20 17:56:37', 1, 24),
(364, 550, 297.9, 285.1, NULL, '2025-02-20 17:57:06', 1, 32),
(365, 700, 672.27, 553.73, NULL, '2025-02-20 17:57:06', 1, 34),
(366, 4, 5, 0, NULL, '2025-02-20 17:58:12', 1, 42),
(367, 2100, 728.23, 2421.77, NULL, '2025-02-20 17:58:35', 1, 28),
(368, 700, 708.27, 517.73, NULL, '2025-02-20 18:01:31', 1, 34),
(369, 4, 5, 1, NULL, '2025-02-20 18:52:49', 1, 41),
(370, 10, 10, 0, NULL, '2025-02-20 18:52:49', 1, 71),
(371, 5, 8, 0, NULL, '2025-02-20 18:52:49', 1, 53),
(372, 2, 2, 0, NULL, '2025-02-20 18:52:49', 1, 63),
(373, 700, 710.27, 515.73, NULL, '2025-02-20 19:02:06', 1, 34),
(374, 550, 299.4, 283.6, NULL, '2025-02-20 19:32:46', 1, 32),
(375, 0, 35.9, 53.1, NULL, '2025-02-20 20:26:24', 1, 31),
(376, 2100, 729.23, 2420.77, NULL, '2025-02-20 20:55:39', 1, 28),
(377, 550, 300.84, 282.16, NULL, '2025-02-20 20:55:39', 1, 32),
(378, 700, 721.02, 504.98, NULL, '2025-02-20 20:55:39', 1, 34),
(379, 0, 33.61, 197.39, NULL, '2025-02-20 20:55:40', 1, 64),
(380, 700, 783.02, 442.98, NULL, '2025-02-21 14:36:57', 1, 34),
(381, 2100, 731.18, 2418.82, NULL, '2025-02-21 14:37:32', 1, 28),
(382, 54, 36, 18, NULL, '2025-02-21 14:39:57', 1, 39),
(383, 54, 37, 17, NULL, '2025-02-21 16:39:55', 1, 39),
(384, 2100, 733.13, 2416.87, NULL, '2025-02-21 16:40:36', 1, 28),
(385, 54, 38, 16, NULL, '2025-02-21 16:40:36', 1, 39),
(386, 2100, 735.43, 2414.57, NULL, '2025-02-21 18:08:30', 1, 28),
(387, 550, 336.84, 246.16, NULL, '2025-02-21 18:21:20', 1, 32),
(388, 700, 785.68, 440.32, NULL, '2025-02-21 18:21:20', 1, 34),
(389, 610, 475.17, 286.63, NULL, '2025-02-21 18:21:20', 1, 36),
(390, 0, 35.61, 195.39, NULL, '2025-02-21 18:21:20', 1, 64),
(391, 7, 5, 3, '2025-02-21 19:03:28', NULL, 1, 42),
(392, 14, 10, 4, '2025-02-21 19:03:28', NULL, 1, 71),
(393, 7, 8, 2, '2025-02-21 19:03:29', NULL, 1, 53),
(394, 4, 2, 2, '2025-02-21 19:03:29', NULL, 1, 63),
(395, 2, 0, 4, '2025-02-21 19:03:29', NULL, 1, 67),
(396, 2, 1, 3, NULL, '2025-02-21 20:22:54', 1, 67),
(397, 63, 72.54, 417.96, NULL, '2025-02-21 20:36:40', 1, 30),
(398, 550, 337.56, 245.44, NULL, '2025-02-21 20:36:40', 1, 32),
(399, 865, 480.23, 384.77, NULL, '2025-02-21 20:36:40', 1, 76),
(400, 0, 4, 10, NULL, '2025-02-21 20:57:54', 1, 12),
(401, 54, 40, 14, NULL, '2025-02-24 12:25:09', 1, 39),
(402, 7, 10, 0, NULL, '2025-02-24 12:40:09', 1, 53),
(403, 54, 42, 12, NULL, '2025-02-24 13:39:36', 1, 39),
(404, 700, 928.68, 297.32, NULL, '2025-02-24 14:40:56', 1, 34),
(405, 0, 37.11, 193.89, NULL, '2025-02-24 14:40:56', 1, 64),
(406, 865, 527.23, 337.77, NULL, '2025-02-24 14:40:56', 1, 76),
(407, 550, 560.06, 22.94, NULL, '2025-02-24 14:43:23', 1, 32),
(408, 54, 44, 10, NULL, '2025-02-24 16:24:01', 1, 39),
(409, 103, 44, 59, '2025-02-24 16:26:44', NULL, 1, 39),
(410, 0, 44.9, 44.1, NULL, '2025-02-24 16:39:22', 1, 31),
(411, 700, 971.68, 254.32, NULL, '2025-02-24 16:39:22', 1, 34),
(412, 0, 1, 2, NULL, '2025-02-24 16:39:22', 1, 66),
(413, 1050, 560.06, 522.94, '2025-02-24 19:10:38', NULL, 1, 32),
(414, 0, 2, 1, NULL, '2025-02-24 19:10:38', 1, 66),
(415, 1050, 893.06, 189.94, NULL, '2025-02-24 19:48:41', 1, 32),
(416, 0, 7, 8, NULL, '2025-02-24 19:56:24', 1, 21),
(417, 103, 46, 57, NULL, '2025-02-24 19:56:45', 1, 39),
(418, 0, 7, 6, NULL, '2025-02-25 12:30:30', 1, 23),
(419, 2100, 763.43, 2386.57, NULL, '2025-02-25 12:31:11', 1, 28),
(420, 1050, 1011.06, 71.94, NULL, '2025-02-25 12:31:11', 1, 32),
(421, 103, 49, 54, NULL, '2025-02-25 15:49:53', 1, 39),
(422, 103, 50, 53, NULL, '2025-02-25 17:58:00', 1, 39),
(423, 700, 1126.68, 99.32, NULL, '2025-02-25 17:58:19', 1, 34),
(424, 1100, 1011.06, 121.94, '2025-02-25 18:12:46', NULL, 1, 32),
(425, 1517, 1126.68, 916.32, '2025-02-25 18:12:46', NULL, 1, 34),
(426, 1442, 527.23, 914.77, '2025-02-25 18:12:47', NULL, 1, 76),
(427, 0, 1, 4, NULL, '2025-02-25 19:09:25', 1, 3),
(428, 0, 9, 6, NULL, '2025-02-25 19:09:25', 1, 21),
(429, 0, 7, 8, NULL, '2025-02-25 19:09:25', 1, 22),
(430, 0, 9, 4, NULL, '2025-02-25 19:09:25', 1, 23),
(431, 0, 7, 7, NULL, '2025-02-25 19:09:25', 1, 24),
(432, 103, 52, 51, NULL, '2025-02-25 19:36:41', 1, 39),
(433, 1442, 573.23, 868.77, NULL, '2025-02-25 20:11:54', 1, 76),
(434, 2100, 878.43, 2271.57, NULL, '2025-02-25 20:20:10', 1, 28),
(435, 610, 495.17, 266.63, NULL, '2025-02-25 20:20:10', 1, 36),
(436, 103, 53, 50, NULL, '2025-02-26 13:38:12', 1, 39),
(437, 16, 5, 11, NULL, '2025-02-26 13:38:12', 1, 60),
(438, 6, 5, 3, '2025-02-26 14:22:35', NULL, 1, 41),
(439, 10, 10, 3, '2025-02-26 14:22:35', NULL, 1, 53),
(440, 10, 11, 2, NULL, '2025-02-26 14:23:31', 1, 53),
(441, 2100, 907.73, 2242.27, NULL, '2025-02-26 14:23:44', 1, 28),
(442, 1517, 1232.68, 810.32, NULL, '2025-02-26 14:23:44', 1, 34),
(443, 1442, 585.23, 856.77, NULL, '2025-02-26 14:23:44', 1, 76),
(444, 2, 0, 2, '2025-02-26 15:31:34', NULL, 1, 44),
(445, 16, 6, 10, NULL, '2025-02-26 15:31:58', 1, 60),
(446, 5, 4, 3, NULL, '2025-02-26 15:51:07', 1, 40),
(447, 2100, 912.13, 2237.87, NULL, '2025-02-26 19:06:10', 1, 28),
(448, 0, 46.76, 42.24, NULL, '2025-02-26 19:06:10', 1, 31),
(449, 1517, 1239.98, 803.02, NULL, '2025-02-26 19:06:10', 1, 34),
(450, 610, 509.52, 252.28, NULL, '2025-02-26 19:06:10', 1, 36),
(451, 0, 4, 9, NULL, '2025-02-26 19:46:48', 1, 13),
(452, 0, 13, 14, NULL, '2025-02-26 19:46:48', 1, 15),
(453, 1517, 1240.21, 802.79, NULL, '2025-02-26 19:55:45', 1, 34),
(454, 1442, 726.23, 715.77, NULL, '2025-02-26 19:55:45', 1, 76),
(455, 1517, 1265.79, 777.21, NULL, '2025-02-26 20:03:04', 1, 34),
(456, 1442, 739.83, 702.17, NULL, '2025-02-27 17:50:45', 1, 76),
(457, 63, 77.24, 413.26, NULL, '2025-02-27 17:52:39', 1, 30),
(458, 1517, 1346.79, 696.21, NULL, '2025-02-27 17:52:39', 1, 34),
(459, 2100, 917.13, 2232.87, NULL, '2025-02-27 17:53:34', 1, 28),
(460, 1100, 1015.36, 117.64, NULL, '2025-02-27 17:53:34', 1, 32),
(461, 1442, 837.23, 604.77, NULL, '2025-02-27 17:53:35', 1, 76),
(462, 1517, 1372.37, 670.63, NULL, '2025-02-27 17:59:30', 1, 34),
(463, 103, 59, 44, NULL, '2025-02-27 18:15:33', 1, 39),
(464, 1517, 1391.37, 651.63, NULL, '2025-02-27 18:18:22', 1, 34),
(465, 103, 61, 42, NULL, '2025-02-27 21:24:16', 1, 39),
(466, 0, 48.76, 40.24, NULL, '2025-02-28 13:19:31', 1, 31),
(467, 16, 7, 9, NULL, '2025-02-28 13:19:32', 1, 60),
(468, 1100, 1022.92, 110.08, NULL, '2025-02-28 13:42:52', 1, 32),
(469, 1517, 1401.76, 641.24, NULL, '2025-02-28 13:42:52', 1, 34),
(470, 1517, 1409.06, 633.94, NULL, '2025-02-28 14:11:23', 1, 34),
(471, 0, 1, 7, NULL, '2025-02-28 14:20:58', 1, 1),
(472, 0, 2, 4, NULL, '2025-02-28 14:20:58', 1, 2),
(473, 0, 3, 9, NULL, '2025-02-28 14:20:58', 1, 11),
(474, 610, 721.52, 40.28, NULL, '2025-02-28 16:24:05', 1, 36),
(475, 1442, 860.43, 581.57, NULL, '2025-02-28 16:24:05', 1, 76),
(476, 0, 10, 5, NULL, '2025-02-28 17:35:06', 1, 21),
(477, 103, 62, 41, NULL, '2025-02-28 17:35:06', 1, 39),
(478, 103, 63, 40, NULL, '2025-02-28 17:43:52', 1, 39),
(479, 2, 2, 0, NULL, '2025-02-28 17:57:19', 1, 75),
(480, 4, 3, 1, NULL, '2025-02-28 17:57:19', 1, 63),
(481, 3, 3, 0, NULL, '2025-02-28 18:24:41', 1, 58),
(482, 63, 81.31, 409.19, NULL, '2025-02-28 18:54:45', 1, 30),
(483, 1100, 1026.35, 106.65, NULL, '2025-02-28 18:54:45', 1, 32),
(484, 0, 38.86, 192.14, NULL, '2025-02-28 18:54:45', 1, 64),
(485, 1500, 1026.35, 506.65, '2025-02-28 19:26:09', NULL, 1, 32),
(486, 5, 1, 4, '2025-02-28 19:26:09', NULL, 1, 74),
(487, 2100, 923.13, 2226.87, NULL, '2025-02-28 20:42:58', 1, 28),
(488, 63, 84.61, 405.89, NULL, '2025-02-28 20:42:58', 1, 30),
(489, 1500, 1030.8, 502.2, NULL, '2025-02-28 20:42:58', 1, 32),
(490, 1517, 1421.06, 621.94, NULL, '2025-02-28 20:42:58', 1, 34),
(491, 5, 4, 1, NULL, '2025-02-28 20:42:58', 1, 74),
(492, 0, 10, 3, NULL, '2025-02-28 20:45:25', 1, 23),
(493, 0, 26.2, 208.88, NULL, '2025-02-28 20:45:43', 1, 55),
(494, 63, 88.61, 401.89, NULL, '2025-02-28 20:46:05', 1, 30),
(495, 63, 93.26, 397.24, NULL, '2025-02-28 21:28:11', 1, 30),
(496, 1517, 1423.71, 619.29, NULL, '2025-02-28 21:28:11', 1, 34),
(497, 103, 64, 39, NULL, '2025-02-28 21:28:11', 1, 39),
(498, 16, 10, 6, NULL, '2025-03-05 12:55:24', 1, 60),
(499, 1517, 1491.81, 551.19, NULL, '2025-03-05 12:55:59', 1, 34),
(500, 103, 65, 38, NULL, '2025-03-05 12:55:59', 1, 39),
(501, 16, 12, 4, NULL, '2025-03-05 14:30:05', 1, 60),
(502, 22, 12, 10, '2025-03-05 15:01:00', NULL, 1, 60),
(503, 2100, 934.61, 2215.39, NULL, '2025-03-05 19:25:05', 1, 28),
(504, 1500, 1031.26, 501.74, NULL, '2025-03-05 19:25:05', 1, 32),
(505, 1517, 1492.81, 550.19, NULL, '2025-03-05 19:25:05', 1, 34),
(506, 22, 16, 6, NULL, '2025-03-05 19:25:05', 1, 60),
(507, 2100, 954.61, 2195.39, NULL, '2025-03-05 19:27:20', 1, 28),
(508, 1442, 939.98, 502.02, NULL, '2025-03-05 19:27:20', 1, 76),
(509, 103, 66, 37, NULL, '2025-03-05 19:27:20', 1, 39),
(510, 2100, 956.91, 2193.09, NULL, '2025-03-06 17:57:01', 1, 28),
(511, 1517, 1513.11, 529.89, NULL, '2025-03-06 17:57:01', 1, 34),
(512, 610, 732, 29.8, NULL, '2025-03-06 17:57:01', 1, 36),
(513, 1442, 953.58, 488.42, NULL, '2025-03-06 17:57:01', 1, 76),
(514, 15, 3, 17, '2025-03-06 18:52:22', NULL, 1, 5),
(515, 16, 2, 14, '2025-03-06 18:52:22', NULL, 1, 6),
(516, 22, 4, 18, '2025-03-06 18:52:22', NULL, 1, 8),
(517, 22, 17, 5, NULL, '2025-03-06 18:55:08', 1, 60),
(518, 2, 4, 0, NULL, '2025-03-06 18:55:08', 1, 69),
(519, 10, 12, 1, NULL, '2025-03-06 18:55:46', 1, 53),
(520, 0, 42.36, 188.64, NULL, '2025-03-06 18:56:04', 1, 64),
(521, 0, 14, 13, NULL, '2025-03-06 18:58:47', 1, 15),
(522, 1517, 1517.11, 525.89, NULL, '2025-03-06 19:01:55', 1, 34),
(523, 0, 53.76, 35.24, NULL, '2025-03-06 19:53:06', 1, 31),
(524, 103, 67, 36, NULL, '2025-03-06 19:53:06', 1, 39),
(525, 1517, 1524.71, 518.29, NULL, '2025-03-07 17:48:36', 1, 34),
(526, 1442, 967.58, 474.42, NULL, '2025-03-07 17:48:36', 1, 76),
(527, 0, 56.26, 32.74, NULL, '2025-03-07 17:49:33', 1, 31),
(528, 63, 98.01, 392.49, NULL, '2025-03-07 17:51:01', 1, 30),
(529, 1500, 1054.26, 478.74, NULL, '2025-03-07 17:51:01', 1, 32),
(530, 1517, 1538.41, 504.59, NULL, '2025-03-07 17:51:01', 1, 34),
(531, 0, 47.36, 183.64, NULL, '2025-03-07 17:51:01', 1, 64),
(532, 3, 3, 0, NULL, '2025-03-07 19:49:17', 1, 56),
(533, 2100, 958.91, 2191.09, NULL, '2025-03-10 12:07:37', 1, 28),
(534, 63, 103.01, 387.49, NULL, '2025-03-10 12:07:37', 1, 30),
(535, 1500, 1061.26, 471.74, NULL, '2025-03-10 12:07:37', 1, 32),
(536, 1517, 1545.41, 497.59, NULL, '2025-03-10 12:07:37', 1, 34),
(537, 2100, 960.91, 2189.09, NULL, '2025-03-10 15:46:18', 1, 28),
(538, 63, 108.01, 382.49, NULL, '2025-03-10 15:46:18', 1, 30),
(539, 1500, 1068.26, 464.74, NULL, '2025-03-10 15:46:18', 1, 32),
(540, 1517, 1552.41, 490.59, NULL, '2025-03-10 15:46:18', 1, 34),
(541, 6, 6, 2, NULL, '2025-03-10 15:47:40', 1, 41),
(542, 14, 11, 3, NULL, '2025-03-10 15:47:40', 1, 71),
(543, 10, 13, 0, NULL, '2025-03-10 15:47:40', 1, 53),
(544, 0, 56.66, 32.34, NULL, '2025-03-10 15:52:19', 1, 31),
(545, 14, 13, 1, NULL, '2025-03-10 15:52:19', 1, 71),
(546, 0, 27.6, 207.48, NULL, '2025-03-10 18:06:15', 1, 55),
(547, 103, 68, 35, NULL, '2025-03-10 18:06:15', 1, 39),
(548, 1517, 1608.21, 434.79, NULL, '2025-03-10 18:08:15', 1, 34),
(549, 1442, 1015.58, 426.42, NULL, '2025-03-10 18:08:15', 1, 76),
(550, 1500, 1080.26, 452.74, NULL, '2025-03-10 18:25:14', 1, 32),
(551, 2026, 1608.21, 943.79, '2025-03-10 18:25:14', NULL, 1, 34),
(552, 0, 49.2, 181.8, NULL, '2025-03-10 18:25:14', 1, 64),
(553, 1879, 1015.58, 863.42, '2025-03-10 18:25:14', NULL, 1, 76),
(554, 18, 13, 5, '2025-03-10 18:25:14', NULL, 1, 71),
(555, 11, 13, 1, '2025-03-10 18:25:14', NULL, 1, 53),
(556, 2100, 964.91, 2185.09, NULL, '2025-03-11 14:47:02', 1, 28),
(557, 2026, 1640.21, 911.79, NULL, '2025-03-11 14:47:03', 1, 34),
(558, 6, 6, 4, NULL, '2025-03-11 14:47:03', 1, 48),
(559, 0, 12, 3, NULL, '2025-03-11 18:35:16', 1, 21),
(560, 0, 9, 6, NULL, '2025-03-11 18:35:16', 1, 22),
(561, 0, 12, 1, NULL, '2025-03-11 18:35:16', 1, 23),
(562, 0, 9, 5, NULL, '2025-03-11 18:35:16', 1, 24),
(563, 2100, 987.91, 2162.09, NULL, '2025-03-11 18:36:01', 1, 28),
(564, 63, 111.01, 379.49, NULL, '2025-03-11 18:36:01', 1, 30),
(565, 1879, 1043.58, 835.42, NULL, '2025-03-11 18:36:01', 1, 76),
(566, 103, 71, 32, NULL, '2025-03-11 20:46:30', 1, 39),
(567, 0, 4, 12, NULL, '2025-03-12 12:38:00', 1, 14),
(568, 0, 15, 12, NULL, '2025-03-12 12:38:00', 1, 15),
(569, 63, 112.71, 377.79, NULL, '2025-03-12 12:38:00', 1, 30),
(570, 2026, 1654.21, 897.79, NULL, '2025-03-12 12:38:00', 1, 34),
(571, 1879, 1065.58, 813.42, NULL, '2025-03-12 12:38:00', 1, 76),
(572, 0, 5, 45, NULL, '2025-03-12 12:59:03', 1, 70),
(573, 11, 14, 0, NULL, '2025-03-12 13:19:33', 1, 53),
(574, 13, 14, 2, '2025-03-12 13:47:52', NULL, 1, 53),
(575, 2, 1, 3, NULL, '2025-03-12 16:08:08', 1, 16),
(576, 1500, 1086.26, 446.74, NULL, '2025-03-12 17:27:54', 1, 32),
(577, 7, 6, 2, NULL, '2025-03-12 17:27:54', 1, 42),
(578, 1500, 1209.26, 323.74, NULL, '2025-03-12 20:55:30', 1, 32),
(579, 1879, 1116.58, 762.42, NULL, '2025-03-12 20:55:30', 1, 76),
(580, 0, 1, 1, NULL, '2025-03-12 21:19:07', 1, 46),
(581, 2100, 1032.91, 2117.09, NULL, '2025-03-13 17:27:29', 1, 28),
(582, 1500, 1211.26, 321.74, NULL, '2025-03-13 17:27:29', 1, 32),
(583, 2026, 1675.21, 876.79, NULL, '2025-03-13 17:27:29', 1, 34),
(584, 1879, 1177.58, 701.42, NULL, '2025-03-13 17:27:30', 1, 76),
(585, 2026, 1685.21, 866.79, NULL, '2025-03-13 17:30:18', 1, 34),
(586, 6, 8, 0, NULL, '2025-03-13 19:25:23', 1, 41),
(587, 5, 3, 2, NULL, '2025-03-13 19:25:23', 1, 65),
(588, 9, 8, 3, '2025-03-13 19:25:55', NULL, 1, 41),
(589, 9, 6, 4, '2025-03-13 19:25:55', NULL, 1, 42),
(590, 7, 4, 3, '2025-03-13 19:25:55', NULL, 1, 74),
(591, 2100, 1037.91, 2112.09, NULL, '2025-03-13 20:20:10', 1, 28),
(592, 1500, 1233.26, 299.74, NULL, '2025-03-13 20:20:10', 1, 32),
(593, 2026, 1689.21, 862.79, NULL, '2025-03-13 20:20:11', 1, 34),
(594, 0, 57.2, 173.8, NULL, '2025-03-13 20:20:11', 1, 64),
(595, 1879, 1231.58, 647.42, NULL, '2025-03-13 20:20:11', 1, 76),
(596, 103, 76, 27, NULL, '2025-03-13 20:21:34', 1, 39),
(597, 1500, 1236.26, 296.74, NULL, '2025-03-13 21:29:46', 1, 32),
(598, 1879, 1239.58, 639.42, NULL, '2025-03-13 21:29:46', 1, 76),
(599, 2100, 1074.91, 2075.09, NULL, '2025-03-14 13:00:09', 1, 28),
(600, 2026, 1697.21, 854.79, NULL, '2025-03-14 13:00:09', 1, 34),
(601, 0, 63.2, 171.88, NULL, '2025-03-14 13:00:09', 1, 55),
(602, 2026, 1707.21, 844.79, NULL, '2025-03-14 14:12:56', 1, 34),
(603, 0, 60.66, 28.34, NULL, '2025-03-14 15:27:08', 1, 31),
(604, 2100, 1075.91, 2074.09, NULL, '2025-03-14 15:39:40', 1, 28),
(605, 1879, 1241.58, 637.42, NULL, '2025-03-14 15:39:40', 1, 76),
(606, 22, 18, 4, NULL, '2025-03-14 15:42:29', 1, 60),
(607, 0, 68.2, 166.88, NULL, '2025-03-14 18:31:23', 1, 55),
(608, 1500, 1283.26, 249.74, NULL, '2025-03-14 19:11:32', 1, 32),
(609, 2026, 1740.21, 811.79, NULL, '2025-03-14 19:11:32', 1, 34),
(610, 103, 78, 25, NULL, '2025-03-14 19:24:06', 1, 39),
(611, 0, 16, 11, NULL, '2025-03-14 19:29:15', 1, 15),
(612, 13, 15, 1, NULL, '2025-03-14 19:29:16', 1, 53),
(613, 0, 1, 39.7, NULL, '2025-03-14 20:37:00', 1, 27),
(614, 1500, 1284.26, 248.74, NULL, '2025-03-14 20:37:00', 1, 32),
(615, 2026, 1755.21, 796.79, NULL, '2025-03-14 20:37:00', 1, 34),
(616, 5, 3, 2, '2025-03-17 14:30:42', NULL, 1, 58),
(617, 5, 4, 3, '2025-03-17 14:30:42', NULL, 1, 69),
(618, 5, 5, 2, NULL, '2025-03-17 15:37:54', 1, 69),
(619, 2100, 1077.41, 2072.59, NULL, '2025-03-17 15:38:05', 1, 28),
(620, 63, 129.71, 360.79, NULL, '2025-03-17 15:38:05', 1, 30),
(621, 1500, 1286.18, 246.82, NULL, '2025-03-17 15:38:05', 1, 32),
(622, 2026, 1775.21, 776.79, NULL, '2025-03-17 15:38:05', 1, 34),
(623, 2026, 1778.21, 773.79, NULL, '2025-03-17 15:52:57', 1, 34),
(624, 5, 6, 1, NULL, '2025-03-17 17:33:29', 1, 40),
(625, 8, 6, 4, '2025-03-17 19:16:15', NULL, 1, 40),
(626, 103, 80, 23, NULL, '2025-03-17 19:16:35', 1, 39),
(627, 63, 142.71, 347.79, NULL, '2025-03-17 20:40:28', 1, 30),
(628, 1500, 1290.18, 242.82, NULL, '2025-03-17 20:40:28', 1, 32),
(629, 2026, 1785.21, 766.79, NULL, '2025-03-17 20:40:28', 1, 34),
(630, 0, 60.6, 170.4, NULL, '2025-03-17 20:40:28', 1, 64),
(631, 1879, 1272.58, 606.42, NULL, '2025-03-17 20:40:28', 1, 76),
(632, 153, 80, 73, '2025-03-17 20:40:28', NULL, 1, 39),
(633, 5, 4, 1, NULL, '2025-03-17 20:44:12', 1, 58),
(634, 22, 19, 3, NULL, '2025-03-18 14:05:36', 1, 60),
(635, 2100, 1085.93, 2064.07, NULL, '2025-03-18 14:05:55', 1, 28),
(636, 1500, 1294.78, 238.22, NULL, '2025-03-18 14:05:55', 1, 32),
(637, 2026, 1790.79, 761.21, NULL, '2025-03-18 14:05:55', 1, 34),
(638, 63, 149.71, 340.79, NULL, '2025-03-18 15:05:51', 1, 30),
(639, 2026, 1821.79, 730.21, NULL, '2025-03-18 15:05:51', 1, 34),
(640, 1879, 1287.58, 591.42, NULL, '2025-03-18 15:05:51', 1, 76),
(641, 153, 81, 72, NULL, '2025-03-18 20:23:30', 1, 39),
(642, 2100, 1087.93, 2062.07, NULL, '2025-03-18 20:23:57', 1, 28),
(643, 2026, 1825.79, 726.21, NULL, '2025-03-18 20:23:57', 1, 34),
(644, 2100, 1106.93, 2043.07, NULL, '2025-03-18 20:25:36', 1, 28),
(645, 63, 159.71, 330.79, NULL, '2025-03-18 20:25:36', 1, 30),
(646, 2100, 1125.93, 2024.07, NULL, '2025-03-18 21:13:07', 1, 28),
(647, 63, 169.71, 320.79, NULL, '2025-03-18 21:13:07', 1, 30),
(648, 1500, 1300.78, 232.22, NULL, '2025-03-18 21:13:07', 1, 32),
(649, 2026, 1846.79, 705.21, NULL, '2025-03-18 21:13:07', 1, 34),
(650, 1879, 1305.58, 573.42, NULL, '2025-03-18 21:13:08', 1, 76),
(651, 0, 17, 10, NULL, '2025-03-18 21:15:44', 1, 15),
(652, 18, 14, 4, NULL, '2025-03-19 14:09:15', 1, 71),
(653, 22, 21, 1, NULL, '2025-03-19 14:09:15', 1, 60),
(654, 2026, 1868.79, 683.21, NULL, '2025-03-19 14:10:31', 1, 34),
(655, 9, 9, 2, NULL, '2025-03-19 14:10:31', 1, 41),
(656, 2, 1, 1, NULL, '2025-03-19 14:10:31', 1, 44),
(657, 18, 16, 2, NULL, '2025-03-19 14:10:31', 1, 71),
(658, 2100, 1127.93, 2022.07, NULL, '2025-03-19 14:46:11', 1, 28),
(659, 1500, 1307.98, 225.02, NULL, '2025-03-19 14:46:11', 1, 32),
(660, 2100, 1132.33, 2017.67, NULL, '2025-03-19 19:17:23', 1, 28),
(661, 63, 174.41, 316.09, NULL, '2025-03-19 19:17:23', 1, 30),
(662, 1500, 1330.98, 202.02, NULL, '2025-03-19 19:17:23', 1, 32),
(663, 5, 6, 1, NULL, '2025-03-19 19:18:26', 1, 69),
(664, 2315, 1305.58, 1009.42, '2025-03-19 19:25:43', NULL, 1, 76),
(665, 12, 9, 5, '2025-03-19 19:25:43', NULL, 1, 41),
(666, 22, 16, 6, '2025-03-19 19:25:44', NULL, 1, 71),
(667, 4, 2, 2, '2025-03-19 19:25:44', NULL, 1, 75),
(668, 63, 179.11, 311.39, NULL, '2025-03-19 20:39:27', 1, 30),
(669, 2315, 1321.58, 993.42, NULL, '2025-03-19 20:39:27', 1, 76),
(670, 2100, 1153.33, 1996.67, NULL, '2025-03-20 19:06:18', 1, 28),
(671, 63, 191.11, 299.39, NULL, '2025-03-20 19:06:18', 1, 30),
(672, 1500, 1355.98, 177.02, NULL, '2025-03-20 19:06:18', 1, 32),
(673, 2026, 1872.42, 679.58, NULL, '2025-03-20 19:06:18', 1, 34),
(674, 0, 18, 32, NULL, '2025-03-20 19:06:18', 1, 70),
(675, 2315, 1393.58, 921.42, NULL, '2025-03-20 19:06:18', 1, 76),
(676, 17, 15, 5, '2025-03-20 19:06:18', NULL, 1, 53),
(677, 0, 2, 6, NULL, '2025-03-20 19:22:31', 1, 1),
(678, 0, 18, 9, NULL, '2025-03-20 19:22:31', 1, 15),
(679, 4, 4, 0, NULL, '2025-03-20 19:22:32', 1, 63),
(680, 153, 85, 68, NULL, '2025-03-20 19:32:21', 1, 39),
(681, 63, 202.52, 287.98, NULL, '2025-03-20 19:40:05', 1, 30),
(682, 1500, 1356.98, 176.02, NULL, '2025-03-20 19:40:05', 1, 32),
(683, 2026, 1872.65, 679.35, NULL, '2025-03-20 19:40:05', 1, 34),
(684, 2100, 1155.83, 1994.17, NULL, '2025-03-20 20:08:02', 1, 28),
(685, 63, 213.94, 276.56, NULL, '2025-03-20 20:08:02', 1, 30),
(686, 2026, 1884.65, 667.35, NULL, '2025-03-20 20:50:51', 1, 34),
(687, 0, 5, 8, NULL, '2025-03-21 13:35:07', 1, 13),
(688, 22, 17, 5, NULL, '2025-03-21 13:35:07', 1, 71),
(689, 2315, 1412.58, 902.42, NULL, '2025-03-21 13:35:33', 1, 76),
(690, 1500, 1361.98, 171.02, NULL, '2025-03-21 14:03:04', 1, 32),
(691, 2026, 1894.65, 657.35, NULL, '2025-03-21 14:03:04', 1, 34),
(692, 2315, 1422.58, 892.42, NULL, '2025-03-21 14:03:04', 1, 76),
(693, 0, 62.75, 26.25, NULL, '2025-03-21 14:49:28', 1, 31),
(694, 50, 62.75, 76.25, '2025-03-21 14:53:25', NULL, 1, 31),
(695, 2026, 1895.65, 656.35, NULL, '2025-03-21 16:06:44', 1, 34),
(696, 2315, 1468.78, 846.22, NULL, '2025-03-21 18:46:22', 1, 76),
(697, 22, 18, 4, NULL, '2025-03-21 20:58:40', 1, 71),
(698, 2100, 1165.83, 1984.17, NULL, '2025-03-21 20:58:57', 1, 28),
(699, 1500, 1365.98, 167.02, NULL, '2025-03-21 20:58:57', 1, 32),
(700, 2315, 1498.78, 816.22, NULL, '2025-03-21 20:58:57', 1, 76),
(701, 2100, 1169.43, 1980.57, NULL, '2025-03-21 22:02:13', 1, 28),
(702, 2026, 1895.97, 656.03, NULL, '2025-03-21 22:02:13', 1, 34),
(703, 2100, 1257.43, 1892.57, NULL, '2025-03-24 13:51:11', 1, 28),
(704, 2026, 1911.58, 640.42, NULL, '2025-03-24 13:51:11', 1, 34),
(705, 0, 67.6, 163.4, NULL, '2025-03-24 13:51:11', 1, 64),
(706, 0, 11, 1, NULL, '2025-03-24 14:09:09', 1, 26),
(707, 22, 22, 0, NULL, '2025-03-24 15:45:04', 1, 60),
(708, 42, 22, 20, '2025-03-24 15:45:18', NULL, 1, 60),
(709, 2100, 1265.43, 1884.57, NULL, '2025-03-24 15:45:34', 1, 28),
(710, 63, 214.64, 275.86, NULL, '2025-03-24 15:45:34', 1, 30),
(711, 1500, 1370.98, 162.02, NULL, '2025-03-24 15:45:34', 1, 32),
(712, 2315, 1582.78, 732.22, NULL, '2025-03-24 15:45:34', 1, 76),
(713, 0, 14, 1, NULL, '2025-03-24 18:40:56', 1, 21),
(714, 0, 11, 4, NULL, '2025-03-24 18:40:56', 1, 22),
(715, 0, 13, 0, NULL, '2025-03-24 18:40:56', 1, 23),
(716, 0, 11, 3, NULL, '2025-03-24 18:40:56', 1, 24),
(717, 8, 7, 3, NULL, '2025-03-24 18:40:56', 1, 40),
(718, 2315, 1592.78, 722.22, NULL, '2025-03-24 19:08:59', 1, 76),
(719, 2100, 1305.43, 1844.57, NULL, '2025-03-24 20:13:00', 1, 28),
(720, 2026, 1976.58, 575.42, NULL, '2025-03-24 20:13:00', 1, 34),
(721, 2315, 1607.42, 707.58, NULL, '2025-03-24 20:13:00', 1, 76),
(722, 2100, 1313.43, 1836.57, NULL, '2025-03-24 20:44:10', 1, 28),
(723, 153, 90, 63, NULL, '2025-03-24 20:47:51', 1, 39),
(724, 22, 19, 3, NULL, '2025-03-24 20:47:52', 1, 71),
(725, 50, 67.75, 71.25, NULL, '2025-03-25 12:21:55', 1, 31),
(726, 153, 91, 62, NULL, '2025-03-25 12:51:57', 1, 39),
(727, 2100, 1343.43, 1806.57, NULL, '2025-03-25 13:48:37', 1, 28),
(728, 63, 353.64, 136.86, NULL, '2025-03-25 13:48:37', 1, 30),
(729, 2315, 1659.42, 655.58, NULL, '2025-03-25 13:48:37', 1, 76),
(730, 0, 3, 3, NULL, '2025-03-25 15:44:25', 1, 2),
(731, 0, 2, 5, NULL, '2025-03-25 15:44:25', 1, 4),
(732, 9, 7, 3, NULL, '2025-03-25 15:44:26', 1, 42),
(733, 22, 20, 2, NULL, '2025-03-25 15:44:26', 1, 71),
(734, 2, 2, 2, NULL, '2025-03-25 15:44:26', 1, 67),
(735, 100, 67.6, 263.4, '2025-03-25 19:10:20', NULL, 1, 64),
(736, 27, 20, 7, '2025-03-25 19:10:20', NULL, 1, 71),
(737, 2100, 1362.43, 1787.57, NULL, '2025-03-25 19:11:55', 1, 28),
(738, 1500, 1371.98, 161.02, NULL, '2025-03-25 19:11:55', 1, 32),
(739, 2315, 1689.42, 625.58, NULL, '2025-03-25 19:11:55', 1, 76),
(740, 5, 7, 0, NULL, '2025-03-26 12:57:04', 1, 69),
(741, 42, 24, 18, NULL, '2025-03-26 13:00:34', 1, 60),
(742, 12, 10, 4, NULL, '2025-03-26 13:15:25', 1, 41),
(743, 191, 353.64, 264.86, '2025-03-26 13:25:41', NULL, 1, 30),
(744, 7, 4, 3, '2025-03-26 13:25:41', NULL, 1, 63),
(745, 2100, 1368.43, 1781.57, NULL, '2025-03-26 14:22:27', 1, 28),
(746, 2026, 1977.58, 574.42, NULL, '2025-03-26 14:22:27', 1, 34),
(747, 42, 29, 13, NULL, '2025-03-26 15:29:34', 1, 60),
(748, 27, 21, 6, NULL, '2025-03-26 15:42:15', 1, 71),
(749, 19, 14, 20, '2025-03-26 16:22:50', NULL, 1, 21),
(750, 17, 11, 21, '2025-03-26 16:22:50', NULL, 1, 22),
(751, 21, 13, 21, '2025-03-26 16:22:50', NULL, 1, 23),
(752, 18, 11, 21, '2025-03-26 16:22:50', NULL, 1, 24),
(753, 9, 8, 2, NULL, '2025-03-26 16:22:51', 1, 42),
(754, 27, 22, 5, NULL, '2025-03-26 16:22:51', 1, 71),
(755, 7, 5, 2, NULL, '2025-03-26 16:22:51', 1, 63),
(756, 2315, 1697.42, 617.58, NULL, '2025-03-26 19:04:40', 1, 76),
(757, 17, 16, 4, NULL, '2025-03-26 19:04:40', 1, 53),
(758, 100, 70.6, 260.4, NULL, '2025-03-26 19:43:59', 1, 64),
(759, 21, 14, 20, NULL, '2025-03-27 18:53:40', 1, 23),
(760, 2100, 1380.43, 1769.57, NULL, '2025-03-27 18:53:40', 1, 28),
(761, 2026, 1988.18, 563.82, NULL, '2025-03-27 18:53:41', 1, 34),
(762, 2315, 1831.42, 483.58, NULL, '2025-03-27 18:53:41', 1, 76),
(763, 191, 473.64, 144.86, NULL, '2025-03-27 19:54:27', 1, 30),
(764, 1500, 1372.98, 160.02, NULL, '2025-03-27 20:38:33', 1, 32),
(765, 2026, 2005.18, 546.82, NULL, '2025-03-27 20:38:33', 1, 34),
(766, 2315, 1859.52, 455.48, NULL, '2025-03-27 20:38:34', 1, 76),
(767, 2100, 1384.43, 1765.57, NULL, '2025-03-28 12:53:13', 1, 28),
(768, 2026, 2006.18, 545.82, NULL, '2025-03-28 12:53:13', 1, 34),
(769, 2315, 1901.52, 413.48, NULL, '2025-03-28 12:53:13', 1, 76),
(770, 2100, 1387.43, 1762.57, NULL, '2025-03-28 20:41:48', 1, 28),
(771, 2026, 2012.18, 539.82, NULL, '2025-03-28 20:41:48', 1, 34),
(772, 191, 478.64, 139.86, NULL, '2025-03-28 20:54:23', 1, 30),
(773, 2315, 1917.52, 397.48, NULL, '2025-03-28 20:54:23', 1, 76),
(774, 9, 9, 1, NULL, '2025-03-31 13:01:28', 1, 42),
(775, 27, 23, 4, NULL, '2025-03-31 13:01:28', 1, 71),
(776, 12, 11, 3, NULL, '2025-03-31 13:56:13', 1, 41),
(777, 153, 93, 60, NULL, '2025-03-31 13:56:35', 1, 39),
(778, 8, 8, 2, NULL, '2025-03-31 13:56:35', 1, 40),
(779, 191, 483.34, 135.16, NULL, '2025-03-31 14:02:28', 1, 30),
(780, 1500, 1378.98, 154.02, NULL, '2025-03-31 14:02:28', 1, 32),
(781, 0, 1, 29, NULL, '2025-03-31 14:02:28', 1, 68),
(782, 2315, 1975.52, 339.48, NULL, '2025-03-31 14:02:28', 1, 76),
(783, 0, 2, 3, NULL, '2025-03-31 15:47:14', 1, 3),
(784, 2100, 1452.73, 1697.27, NULL, '2025-03-31 15:50:30', 1, 28),
(785, 191, 505.34, 113.16, NULL, '2025-03-31 15:50:30', 1, 30),
(786, 1500, 1391.98, 141.02, NULL, '2025-03-31 15:50:30', 1, 32),
(787, 2026, 2025.18, 526.82, NULL, '2025-03-31 15:50:30', 1, 34),
(788, 100, 71.2, 259.8, NULL, '2025-03-31 15:50:30', 1, 64),
(789, 2315, 1989.52, 325.48, NULL, '2025-03-31 15:50:30', 1, 76),
(790, 7, 5, 2, NULL, '2025-03-31 15:50:30', 1, 74),
(791, 17, 17, 3, NULL, '2025-04-01 13:00:50', 1, 53),
(792, 2315, 2039.52, 275.48, NULL, '2025-04-01 14:08:41', 1, 76),
(793, 11, 9, 3, '2025-04-01 14:08:41', NULL, 1, 42),
(794, 2, 0, 3, '2025-04-01 14:08:41', NULL, 1, 45),
(795, 2830.73, 2039.52, 791.21, '2025-04-01 14:12:44', NULL, 1, 76),
(796, 191, 514.34, 104.16, NULL, '2025-04-01 14:15:43', 1, 30),
(797, 2026, 2031.44, 520.56, NULL, '2025-04-01 14:15:43', 1, 34),
(798, 2, 2, 0, NULL, '2025-04-01 14:58:14', 1, 72),
(799, 1500, 1416.98, 116.02, NULL, '2025-04-01 16:09:45', 1, 32),
(800, 191, 526.34, 92.16, NULL, '2025-04-01 18:22:42', 1, 30),
(801, 1500, 1421.66, 111.34, NULL, '2025-04-01 18:22:42', 1, 32),
(802, 100, 81.5, 249.5, NULL, '2025-04-01 18:24:14', 1, 64),
(803, 2100, 1462.73, 1687.27, NULL, '2025-04-01 18:57:52', 1, 28),
(804, 191, 535.34, 83.16, NULL, '2025-04-01 18:57:52', 1, 30),
(805, 2830.73, 2061.52, 769.21, NULL, '2025-04-01 18:57:52', 1, 76),
(806, 42, 30, 12, NULL, '2025-04-01 19:56:08', 1, 60),
(807, 153, 102, 51, NULL, '2025-04-01 20:07:24', 1, 39),
(808, 19, 16, 18, NULL, '2025-04-02 14:45:44', 1, 21),
(809, 17, 13, 19, NULL, '2025-04-02 14:45:44', 1, 22),
(810, 21, 16, 18, NULL, '2025-04-02 14:45:44', 1, 23),
(811, 18, 13, 19, NULL, '2025-04-02 14:45:44', 1, 24),
(812, 7, 4, 3, '2025-04-02 14:46:18', NULL, 1, 58),
(813, 8, 7, 3, '2025-04-02 14:46:18', NULL, 1, 69),
(814, 1850, 1421.66, 461.34, '2025-04-02 15:23:41', NULL, 1, 32),
(815, 1119, 732, 538.8, '2025-04-02 15:23:41', NULL, 1, 36),
(816, 1850, 1560.66, 322.34, NULL, '2025-04-02 18:31:17', 1, 32),
(817, 2100, 1465.73, 1684.27, NULL, '2025-04-02 18:32:03', 1, 28),
(818, 191, 541.92, 76.58, NULL, '2025-04-02 18:32:03', 1, 30),
(819, 2026, 2070.54, 481.46, NULL, '2025-04-02 18:32:03', 1, 34),
(820, 100, 82.5, 248.5, NULL, '2025-04-02 18:32:03', 1, 64),
(821, 2830.73, 2121.52, 709.21, NULL, '2025-04-02 18:32:03', 1, 76),
(822, 153, 104, 49, NULL, '2025-04-02 18:32:03', 1, 39),
(823, 100, 86.5, 244.5, NULL, '2025-04-02 18:41:50', 1, 64),
(824, 1850, 1566.66, 316.34, NULL, '2025-04-03 17:43:56', 1, 32),
(825, 1119, 1038, 232.8, NULL, '2025-04-03 17:43:56', 1, 36),
(826, 2830.73, 2242.52, 588.21, NULL, '2025-04-03 17:43:56', 1, 76),
(827, 10, 3, 7, '2025-04-03 17:43:56', NULL, 1, 65),
(828, 29, 23, 6, '2025-04-03 17:43:56', NULL, 1, 71),
(829, 8, 9, 1, NULL, '2025-04-03 17:43:57', 1, 69),
(830, 0, 20, 7, NULL, '2025-04-03 19:07:43', 1, 15),
(831, 2026, 2110.54, 441.46, NULL, '2025-04-03 19:08:09', 1, 34),
(832, 2830.73, 2244.52, 586.21, NULL, '2025-04-03 19:08:09', 1, 76),
(833, 10, 7, 3, NULL, '2025-04-03 19:39:58', 1, 65),
(834, 1119, 1042, 228.8, NULL, '2025-04-04 12:28:31', 1, 36),
(835, 100, 87.1, 243.9, NULL, '2025-04-04 12:28:31', 1, 64),
(836, 2100, 1469.73, 1680.27, NULL, '2025-04-04 13:24:29', 1, 28),
(837, 191, 545.82, 72.68, NULL, '2025-04-04 13:24:29', 1, 30),
(838, 2026, 2123.02, 428.98, NULL, '2025-04-04 13:24:29', 1, 34),
(839, 1850, 1588.66, 294.34, NULL, '2025-04-04 14:42:21', 1, 32),
(840, 2026, 2135.02, 416.98, NULL, '2025-04-04 14:42:21', 1, 34),
(841, 29, 24, 5, NULL, '2025-04-04 17:39:00', 1, 71),
(842, 29, 27, 2, NULL, '2025-04-04 17:39:18', 1, 71),
(843, 2026, 2282.02, 269.98, NULL, '2025-04-04 18:44:21', 1, 34),
(844, 2830.73, 2258.57, 572.16, NULL, '2025-04-04 18:44:21', 1, 76),
(845, 21, 18, 16, NULL, '2025-04-04 19:20:59', 1, 23),
(846, 2100, 1471.23, 1678.77, NULL, '2025-04-04 20:08:04', 1, 28),
(847, 2026, 2333.27, 218.73, NULL, '2025-04-04 20:08:04', 1, 34),
(848, 2026, 2345.27, 206.73, NULL, '2025-04-07 12:54:49', 1, 34),
(849, 0, 4, 8, NULL, '2025-04-07 14:12:49', 1, 11),
(850, 0, 6, 8, NULL, '2025-04-07 14:12:49', 1, 12),
(851, 0, 6, 7, NULL, '2025-04-07 14:12:49', 1, 13),
(852, 0, 5, 11, NULL, '2025-04-07 14:12:49', 1, 14),
(853, 0, 21, 6, NULL, '2025-04-07 14:12:49', 1, 15),
(854, 0, 4, 2, NULL, '2025-04-07 14:13:52', 1, 2),
(855, 0, 3, 2, NULL, '2025-04-07 14:13:52', 1, 3),
(856, 2026, 2395.27, 156.73, NULL, '2025-04-07 14:14:34', 1, 34),
(857, 29, 28, 1, NULL, '2025-04-07 14:14:35', 1, 71),
(858, 2914, 2395.27, 1044.73, '2025-04-07 15:49:10', NULL, 1, 34),
(859, 0, 72.2, 162.88, NULL, '2025-04-07 15:49:10', 1, 55),
(860, 12, 13, 1, NULL, '2025-04-07 15:49:10', 1, 41),
(861, 10, 8, 2, NULL, '2025-04-07 15:49:10', 1, 65),
(862, 34, 28, 6, '2025-04-07 15:49:10', NULL, 1, 71),
(863, 0, 2, 0, NULL, '2025-04-07 15:49:10', 1, 50),
(864, 15, 13, 4, '2025-04-07 15:51:37', NULL, 1, 41),
(865, 7, 6, 1, NULL, '2025-04-07 15:51:37', 1, 74),
(866, 2, 2, 2, '2025-04-07 15:51:37', NULL, 1, 50),
(867, 11, 11, 1, NULL, '2025-04-07 15:53:19', 1, 42),
(868, 14, 11, 4, '2025-04-07 17:11:00', NULL, 1, 42),
(869, 2914, 2495.27, 944.73, NULL, '2025-04-07 18:19:19', 1, 34),
(870, 2830.73, 2259.57, 571.16, NULL, '2025-04-07 18:19:20', 1, 76),
(871, 7, 5, 2, NULL, '2025-04-07 19:25:09', 1, 58),
(872, 17, 18, 2, NULL, '2025-04-07 19:25:23', 1, 53),
(873, 2100, 1532.23, 1617.77, NULL, '2025-04-08 14:56:51', 1, 28),
(874, 191, 555.82, 62.68, NULL, '2025-04-08 14:56:51', 1, 30),
(875, 2914, 2557.27, 882.73, NULL, '2025-04-08 14:56:51', 1, 34),
(876, 0, 42.92, 164.08, NULL, '2025-04-08 14:56:51', 1, 35),
(877, 1119, 1049, 221.8, NULL, '2025-04-08 14:56:51', 1, 36),
(878, 2830.73, 2306.57, 524.16, NULL, '2025-04-08 14:56:51', 1, 76),
(879, 366, 555.82, 237.68, '2025-04-08 15:01:20', NULL, 1, 30),
(880, 2914, 2568.27, 871.73, NULL, '2025-04-08 15:06:04', 1, 34),
(881, 2914, 2572.27, 867.73, NULL, '2025-04-08 15:18:02', 1, 34),
(882, 1850, 1601.66, 281.34, NULL, '2025-04-08 15:56:40', 1, 32);
INSERT INTO `entradasalidatotal` (`id`, `entradas`, `salidas`, `stock_actual`, `fecha_entrada`, `fecha_salida`, `status`, `id_producto`) VALUES
(883, 2830.73, 2307.57, 523.16, NULL, '2025-04-08 15:56:41', 1, 76),
(884, 0, 47.92, 159.08, NULL, '2025-04-08 17:28:53', 1, 35),
(885, 2100, 1534.23, 1615.77, NULL, '2025-04-08 18:07:12', 1, 28),
(886, 2914, 2589.67, 850.33, NULL, '2025-04-08 18:07:12', 1, 34),
(887, 2830.73, 2453.57, 377.16, NULL, '2025-04-08 18:07:12', 1, 76),
(888, 1119, 1166, 104.8, NULL, '2025-04-08 19:59:29', 1, 36),
(889, 34, 29, 5, NULL, '2025-04-09 13:25:06', 1, 71),
(890, 2100, 1544.23, 1605.77, NULL, '2025-04-09 13:28:49', 1, 28),
(891, 1119, 1191, 79.8, NULL, '2025-04-09 14:00:26', 1, 36),
(892, 2914, 2627.67, 812.33, NULL, '2025-04-09 14:16:47', 1, 34),
(893, 1850, 1616.66, 266.34, NULL, '2025-04-09 14:21:59', 1, 32),
(894, 2914, 2651.67, 788.33, NULL, '2025-04-09 14:21:59', 1, 34),
(895, 1119, 1195, 75.8, NULL, '2025-04-09 14:21:59', 1, 36),
(896, 0, 16, 14, NULL, '2025-04-09 14:21:59', 1, 68),
(897, 2830.73, 2659.57, 171.16, NULL, '2025-04-09 14:21:59', 1, 76),
(898, 2100, 1556.23, 1593.77, NULL, '2025-04-09 16:25:34', 1, 28),
(899, 1850, 1620.66, 262.34, NULL, '2025-04-09 16:25:34', 1, 32),
(900, 18, 14, 18, NULL, '2025-04-09 17:37:27', 1, 24),
(901, 153, 119, 34, NULL, '2025-04-09 17:37:27', 1, 39),
(902, 120, 47.92, 279.08, '2025-04-09 18:12:13', NULL, 1, 35),
(903, 3429.73, 2659.57, 770.16, '2025-04-09 18:12:13', NULL, 1, 76),
(904, 120, 258.92, 68.08, NULL, '2025-04-09 19:54:49', 1, 35),
(905, 3429.73, 2674.57, 755.16, NULL, '2025-04-09 19:59:25', 1, 76),
(906, 2100, 1562.23, 1587.77, NULL, '2025-04-10 16:32:32', 1, 28),
(907, 366, 569.82, 223.68, NULL, '2025-04-10 16:32:32', 1, 30),
(908, 2914, 2656.67, 783.33, NULL, '2025-04-10 16:32:32', 1, 34),
(909, 0, 8, 92, NULL, '2025-04-10 16:32:32', 1, 38),
(910, 3429.73, 2707.57, 722.16, NULL, '2025-04-10 16:33:57', 1, 76),
(911, 1850, 1623.66, 259.34, NULL, '2025-04-10 17:07:43', 1, 32),
(912, 2914, 2678.67, 761.33, NULL, '2025-04-10 17:07:43', 1, 34),
(913, 120, 262.92, 64.08, NULL, '2025-04-10 17:07:43', 1, 35),
(914, 1119, 1228, 42.8, NULL, '2025-04-10 17:07:43', 1, 36),
(915, 3429.73, 2892.57, 537.16, NULL, '2025-04-10 17:07:43', 1, 76),
(916, 366, 620.82, 172.68, NULL, '2025-04-10 19:07:11', 1, 30),
(917, 1850, 1626.66, 256.34, NULL, '2025-04-10 19:07:11', 1, 32),
(918, 2914, 2686.67, 753.33, NULL, '2025-04-10 19:07:11', 1, 34),
(919, 3429.73, 2964.57, 465.16, NULL, '2025-04-10 19:07:12', 1, 76),
(920, 19, 18, 16, NULL, '2025-04-10 20:45:31', 1, 21),
(921, 17, 15, 17, NULL, '2025-04-10 20:45:31', 1, 22),
(922, 21, 20, 14, NULL, '2025-04-10 20:45:31', 1, 23),
(923, 18, 15, 17, NULL, '2025-04-10 20:45:31', 1, 24),
(924, 3429.73, 3001.57, 428.16, NULL, '2025-04-10 20:52:12', 1, 76),
(925, 2100, 1568.23, 1581.77, NULL, '2025-04-11 13:14:46', 1, 28),
(926, 2914, 2700.67, 739.33, NULL, '2025-04-11 13:14:46', 1, 34),
(927, 0, 17, 13, NULL, '2025-04-11 13:14:46', 1, 68),
(928, 18, 17, 15, NULL, '2025-04-11 14:45:06', 1, 24),
(929, 3429.73, 3014.57, 415.16, NULL, '2025-04-11 14:45:06', 1, 76),
(930, 8, 10, 0, NULL, '2025-04-11 15:04:25', 1, 69),
(931, 1850, 1654.66, 228.34, NULL, '2025-04-11 15:28:28', 1, 32),
(932, 2914, 2841.67, 598.33, NULL, '2025-04-11 15:28:28', 1, 34),
(933, 2914, 2851.67, 588.33, NULL, '2025-04-11 18:07:25', 1, 34),
(934, 3729.73, 3014.57, 715.16, '2025-04-11 18:07:25', NULL, 1, 76),
(935, 120, 269.92, 57.08, NULL, '2025-04-11 18:08:27', 1, 35),
(936, 100, 93.1, 237.9, NULL, '2025-04-11 18:08:27', 1, 64),
(937, 366, 627.82, 165.68, NULL, '2025-04-11 20:04:05', 1, 30),
(938, 2914, 3211.67, 228.33, NULL, '2025-04-11 20:04:05', 1, 34),
(939, 3729.73, 3024.57, 705.16, NULL, '2025-04-11 20:04:05', 1, 76),
(940, 153, 134, 19, NULL, '2025-04-11 21:07:25', 1, 39),
(941, 50, 77.75, 61.25, NULL, '2025-04-11 21:15:51', 1, 31),
(942, 2100, 1577.23, 1572.77, NULL, '2025-04-14 14:45:38', 1, 28),
(943, 366, 632.82, 160.68, NULL, '2025-04-14 14:45:38', 1, 30),
(944, 1850, 1707.66, 175.34, NULL, '2025-04-14 14:45:38', 1, 32),
(945, 2914, 3298.67, 141.33, NULL, '2025-04-14 14:45:38', 1, 34),
(946, 1850, 1772.66, 110.34, NULL, '2025-04-14 15:32:04', 1, 32),
(947, 2914, 3302.67, 137.33, NULL, '2025-04-14 15:32:04', 1, 34),
(948, 15, 15, 2, NULL, '2025-04-15 12:34:43', 1, 41),
(949, 10, 9, 1, NULL, '2025-04-15 12:34:43', 1, 65),
(950, 34, 33, 1, NULL, '2025-04-15 12:34:43', 1, 71),
(951, 4, 3, 1, NULL, '2025-04-15 12:34:43', 1, 75),
(952, 3, 2, 1, NULL, '2025-04-15 12:34:43', 1, 78),
(953, 0, 3, 0, NULL, '2025-04-15 14:11:20', 1, 66),
(954, 0, 7, 6, NULL, '2025-04-15 14:15:12', 1, 13),
(955, 0, 6, 10, NULL, '2025-04-15 14:15:12', 1, 14),
(956, 0, 22, 5, NULL, '2025-04-15 14:15:12', 1, 15),
(957, 21, 21, 13, NULL, '2025-04-15 14:22:27', 1, 23),
(958, 18, 18, 14, NULL, '2025-04-15 14:22:27', 1, 24),
(959, 1850, 1784.66, 98.34, NULL, '2025-04-15 14:38:39', 1, 32),
(960, 2914, 3363.67, 76.33, NULL, '2025-04-15 14:38:39', 1, 34),
(961, 3729.73, 3039.17, 690.56, NULL, '2025-04-15 14:38:39', 1, 76),
(962, 19, 20, 14, NULL, '2025-04-15 15:21:23', 1, 21),
(963, 17, 17, 15, NULL, '2025-04-15 15:21:23', 1, 22),
(964, 21, 23, 11, NULL, '2025-04-15 15:21:23', 1, 23),
(965, 18, 20, 12, NULL, '2025-04-15 15:21:23', 1, 24),
(966, 153, 143, 10, NULL, '2025-04-15 15:21:24', 1, 39),
(967, 3614, 3363.67, 776.33, '2025-04-15 18:36:35', NULL, 1, 34),
(968, 34, 34, 0, NULL, '2025-04-15 18:36:35', 1, 71),
(969, 39, 34, 5, '2025-04-15 18:50:17', NULL, 1, 71),
(970, 100, 97.1, 233.9, NULL, '2025-04-15 18:50:29', 1, 64),
(971, 3729.73, 3081.17, 648.56, NULL, '2025-04-15 18:52:07', 1, 76),
(972, 2100, 1587.23, 1562.77, NULL, '2025-04-15 18:59:41', 1, 28),
(973, 3614, 3366.67, 773.33, NULL, '2025-04-15 18:59:41', 1, 34),
(974, 3729.73, 3104.17, 625.56, NULL, '2025-04-15 18:59:41', 1, 76),
(975, 42, 31, 11, NULL, '2025-04-15 19:41:51', 1, 60),
(976, 17, 19, 1, NULL, '2025-04-16 12:29:28', 1, 53),
(977, 366, 639.82, 153.68, NULL, '2025-04-16 14:23:20', 1, 30),
(978, 1850, 1789.66, 93.34, NULL, '2025-04-16 14:23:20', 1, 32),
(979, 3729.73, 3119.17, 610.56, NULL, '2025-04-16 14:23:20', 1, 76),
(980, 0, 85.2, 149.88, NULL, '2025-04-16 14:23:50', 1, 55),
(981, 3729.73, 3120.17, 609.56, NULL, '2025-04-16 14:23:50', 1, 76),
(982, 366, 656.07, 137.43, NULL, '2025-04-17 13:27:22', 1, 30),
(983, 366, 673.07, 120.43, NULL, '2025-04-17 13:30:44', 1, 30),
(984, 3614, 3376.67, 763.33, NULL, '2025-04-17 13:30:44', 1, 34),
(985, 3729.73, 3166.17, 563.56, NULL, '2025-04-17 13:30:44', 1, 76),
(986, 42, 40, 2, NULL, '2025-04-17 13:30:44', 1, 60),
(987, 3614, 3400.67, 739.33, NULL, '2025-04-17 13:32:17', 1, 34),
(988, 3729.73, 3167.17, 562.56, NULL, '2025-04-17 13:32:17', 1, 76),
(989, 1850, 1847.66, 35.34, NULL, '2025-04-18 13:26:28', 1, 32),
(990, 3729.73, 3467.17, 262.56, NULL, '2025-04-18 13:26:28', 1, 76),
(991, 11, 9, 2, '2025-04-18 13:29:47', NULL, 1, 65),
(992, 5, 3, 2, NULL, '2025-04-18 13:29:47', 1, 73),
(993, 4, 2, 2, '2025-04-18 13:29:47', NULL, 1, 78),
(994, 7, 6, 5, '2025-04-18 13:29:47', NULL, 1, 48),
(995, 0, 1, 0, NULL, '2025-04-18 13:29:47', 1, 51),
(996, 0, 2, 0, NULL, '2025-04-18 13:29:47', 1, 54),
(997, 7, 7, 0, NULL, '2025-04-18 13:29:47', 1, 63),
(998, 3, 2, 3, '2025-04-18 13:29:47', NULL, 1, 67),
(999, 0, 23, 4, NULL, '2025-04-21 17:53:36', 1, 15),
(1000, 153, 144, 9, NULL, '2025-04-21 17:53:36', 1, 39),
(1001, 203, 144, 59, '2025-04-21 17:57:53', NULL, 1, 39),
(1002, 17, 15, 4, '2025-04-21 17:57:53', NULL, 1, 41),
(1003, 13, 9, 4, '2025-04-21 17:57:53', NULL, 1, 65),
(1004, 3, 0, 4, '2025-04-21 17:57:53', NULL, 1, 52),
(1005, 20, 19, 4, '2025-04-21 17:57:53', NULL, 1, 53),
(1006, 2, 2, 2, '2025-04-21 17:57:53', NULL, 1, 54),
(1007, 9, 7, 2, '2025-04-21 17:57:53', NULL, 1, 63),
(1008, 45, 40, 5, '2025-04-21 17:57:53', NULL, 1, 60),
(1009, 45, 41, 4, NULL, '2025-04-21 18:05:10', 1, 60),
(1010, 2100, 1606.23, 1543.77, NULL, '2025-04-21 18:46:21', 1, 28),
(1011, 3614, 3404.67, 735.33, NULL, '2025-04-21 18:46:21', 1, 34),
(1012, 3729.73, 3481.17, 248.56, NULL, '2025-04-21 18:46:21', 1, 76),
(1013, 1850, 1874.66, 8.34, NULL, '2025-04-21 18:48:01', 1, 32),
(1014, 3614, 3408.67, 731.33, NULL, '2025-04-21 18:48:01', 1, 34),
(1015, 3729.73, 3502.17, 227.56, NULL, '2025-04-21 18:48:01', 1, 76),
(1016, 3614, 3419.67, 720.33, NULL, '2025-04-22 13:02:51', 1, 34),
(1017, 0, 99.2, 135.88, NULL, '2025-04-22 13:02:51', 1, 55),
(1018, 203, 147, 56, NULL, '2025-04-22 13:02:51', 1, 39),
(1019, 45, 42, 3, NULL, '2025-04-22 13:16:07', 1, 60),
(1020, 45, 43, 2, NULL, '2025-04-22 13:40:27', 1, 60),
(1021, 45, 44, 1, NULL, '2025-04-22 13:42:34', 1, 60),
(1022, 3614, 3425.67, 714.33, NULL, '2025-04-22 13:43:10', 1, 34),
(1023, 20, 20, 3, NULL, '2025-04-22 14:32:17', 1, 53);

-- --------------------------------------------------------

--
-- Estructura de tabla para la tabla `movimientos`
--

CREATE TABLE `movimientos` (
  `id` int(11) NOT NULL,
  `entradas` double DEFAULT 0,
  `salidas` double DEFAULT 0,
  `stock_actual` double DEFAULT NULL,
  `fecha_entrada` timestamp NULL DEFAULT NULL,
  `fecha_salida` timestamp NULL DEFAULT NULL,
  `status` tinyint(4) DEFAULT 1,
  `id_producto` int(11) NOT NULL
) ENGINE=InnoDB DEFAULT CHARSET=latin1 COLLATE=latin1_swedish_ci;

--
-- Volcado de datos para la tabla `movimientos`
--

INSERT INTO `movimientos` (`id`, `entradas`, `salidas`, `stock_actual`, `fecha_entrada`, `fecha_salida`, `status`, `id_producto`) VALUES
(1, 5, 0, 5, '2025-01-13 16:29:37', NULL, 1, 39),
(2, 0, 1, 1, NULL, '2025-01-13 19:23:53', 1, 40),
(3, 0, 410, 640, NULL, '2025-01-14 20:17:56', 1, 28),
(4, 0, 12.66, 139.14, NULL, '2025-01-14 20:17:56', 1, 36),
(5, 0, 4.5, 635.5, NULL, '2025-01-14 20:21:21', 1, 28),
(6, 0, 2, 3, NULL, '2025-01-15 13:10:55', 1, 39),
(7, 49, 0, 52, '2025-01-15 13:51:57', NULL, 1, 39),
(8, 2100, 0, 2735.5, '2025-01-15 16:31:14', NULL, 1, 28),
(9, 2, 0, 4, '2025-01-15 16:33:30', NULL, 1, 16),
(10, 0, 19.68, 29.32, NULL, '2025-01-16 15:05:58', 1, 32),
(11, 0, 13.33, 2722.17, NULL, '2025-01-16 17:38:18', 1, 28),
(12, 0, 26.62, 2.7, NULL, '2025-01-16 17:38:18', 1, 32),
(13, 0, 38, 739.08, NULL, '2025-01-16 17:38:18', 1, 33),
(14, 0, 81.02, 518.98, NULL, '2025-01-16 17:38:18', 1, 34),
(15, 0, 16, 123.14, NULL, '2025-01-16 17:38:18', 1, 36),
(16, 0, 3, 49, NULL, '2025-01-17 13:35:41', 1, 39),
(17, 150, 0, 152.7, '2025-01-17 14:47:54', NULL, 1, 32),
(18, 0, 2, 87, NULL, '2025-01-17 17:24:23', 1, 31),
(19, 0, 1.2, 2720.97, NULL, '2025-01-17 17:24:54', 1, 28),
(20, 0, 7, 145.7, NULL, '2025-01-17 17:24:54', 1, 32),
(21, 0, 3.88, 515.1, NULL, '2025-01-17 17:24:54', 1, 34),
(22, 0, 2.31, 120.83, NULL, '2025-01-17 17:24:54', 1, 36),
(23, 0, 1, 11, NULL, '2025-01-17 18:48:27', 1, 11),
(24, 0, 1, 13, NULL, '2025-01-17 18:48:27', 1, 12),
(25, 0, 1, 12, NULL, '2025-01-17 18:48:27', 1, 13),
(26, 0, 1, 15, NULL, '2025-01-17 18:48:27', 1, 14),
(27, 0, 1, 26, NULL, '2025-01-17 18:48:27', 1, 15),
(40, 0, 2, 13, NULL, '2025-01-17 19:22:46', 1, 21),
(41, 0, 2, 13, NULL, '2025-01-17 19:22:46', 1, 22),
(42, 0, 1, 12, NULL, '2025-01-17 19:22:46', 1, 23),
(43, 0, 2, 12, NULL, '2025-01-17 19:22:46', 1, 24),
(44, 0, 4.8, 2716.17, NULL, '2025-01-17 19:23:17', 1, 28),
(45, 0, 5.62, 509.48, NULL, '2025-01-17 19:23:17', 1, 34),
(46, 0, 10.46, 499.02, NULL, '2025-01-17 19:28:51', 1, 34),
(47, 0, 9, 136.7, NULL, '2025-01-17 20:59:34', 1, 32),
(48, 0, 9.12, 127.58, NULL, '2025-01-20 13:12:18', 1, 32),
(49, 0, 14.5, 484.52, NULL, '2025-01-20 13:31:40', 1, 34),
(50, 2, 0, 2, '2025-01-20 17:10:26', NULL, 1, 63),
(51, 0, 1, 3, NULL, '2025-01-20 17:10:55', 1, 48),
(52, 0, 1, 2, NULL, '2025-01-20 17:10:55', 1, 53),
(53, 0, 1, 1, NULL, '2025-01-20 17:10:55', 1, 63),
(54, 0, 6.41, 478.11, NULL, '2025-01-20 17:12:08', 1, 34),
(55, 0, 14.4, 724.68, NULL, '2025-01-20 20:22:04', 1, 33),
(56, 0, 14, 710.68, NULL, '2025-01-21 12:52:36', 1, 33),
(57, 0, 1, 48, NULL, '2025-01-21 12:52:36', 1, 39),
(58, 0, 10, 468.11, NULL, '2025-01-21 12:53:20', 1, 34),
(59, 0, 1, 709.68, NULL, '2025-01-21 15:19:41', 1, 33),
(60, 0, 3.29, 706.39, NULL, '2025-01-21 16:24:44', 1, 33),
(61, 0, 2, 466.11, NULL, '2025-01-21 19:09:28', 1, 34),
(62, 0, 4.6, 2711.57, NULL, '2025-01-21 19:38:22', 1, 28),
(63, 0, 12, 454.11, NULL, '2025-01-22 13:10:48', 1, 34),
(64, 0, 3.3, 2708.27, NULL, '2025-01-22 13:32:49', 1, 28),
(65, 0, 5.5, 422, NULL, '2025-01-22 14:52:59', 1, 30),
(66, 0, 4.46, 123.12, NULL, '2025-01-22 15:27:33', 1, 32),
(67, 0, 9, 413, NULL, '2025-01-22 15:27:58', 1, 30),
(68, 0, 8, 2700.27, NULL, '2025-01-22 18:05:59', 1, 28),
(69, 0, 8, 698.39, NULL, '2025-01-22 18:05:59', 1, 33),
(70, 1, 0, 1, '2025-01-22 19:46:12', NULL, 1, 65),
(71, 0, 1, 2, NULL, '2025-01-22 19:46:12', 1, 48),
(72, 0, 1, 1, NULL, '2025-01-22 19:54:34', 1, 41),
(73, 0, 3.3, 409.7, NULL, '2025-01-22 19:56:26', 1, 30),
(74, 0, 2, 121.12, NULL, '2025-01-22 19:56:26', 1, 32),
(75, 0, 3.52, 406.18, NULL, '2025-01-22 19:57:54', 1, 30),
(76, 0, 1, 453.11, NULL, '2025-01-22 20:50:10', 1, 34),
(77, 0, 1, 452.11, NULL, '2025-01-22 20:54:59', 1, 34),
(78, 0, 3.64, 2696.63, NULL, '2025-01-23 17:27:38', 1, 28),
(79, 0, 16.55, 435.56, NULL, '2025-01-23 17:27:38', 1, 34),
(80, 0, 2.24, 2694.39, NULL, '2025-01-23 17:34:55', 1, 28),
(81, 0, 9.2, 111.92, NULL, '2025-01-23 17:45:32', 1, 32),
(82, 0, 6, 2688.39, NULL, '2025-01-24 12:36:45', 1, 28),
(83, 0, 8, 2680.39, NULL, '2025-01-24 15:40:40', 1, 28),
(84, 0, 7.33, 691.06, NULL, '2025-01-24 15:40:40', 1, 33),
(85, 0, 6.34, 224.66, NULL, '2025-01-24 15:40:40', 1, 64),
(86, 0, 1.36, 689.7, NULL, '2025-01-24 19:00:26', 1, 33),
(87, 0, 1, 9, NULL, '2025-01-24 19:24:11', 1, 26),
(88, 0, 1, 688.7, NULL, '2025-01-24 19:24:12', 1, 33),
(89, 0, 1, 47, NULL, '2025-01-27 13:48:54', 1, 39),
(90, 0, 30, 658.7, NULL, '2025-01-27 13:49:52', 1, 33),
(91, 0, 1, 8, NULL, '2025-01-27 15:01:52', 1, 26),
(92, 5, 0, 6, '2025-01-27 15:01:52', NULL, 1, 40),
(93, 0, 1, 0, NULL, '2025-01-27 15:01:52', 1, 41),
(94, 0, 1, 1, NULL, '2025-01-27 15:01:53', 1, 53),
(95, 0, 1, 0, NULL, '2025-01-27 15:32:07', 1, 65),
(96, 0, 18, 93.92, NULL, '2025-01-27 16:07:01', 1, 32),
(97, 0, 13.24, 422.32, NULL, '2025-01-27 16:07:01', 1, 34),
(98, 0, 16.44, 405.88, NULL, '2025-01-27 19:49:55', 1, 34),
(99, 0, 8, 112.83, NULL, '2025-01-27 19:49:55', 1, 36),
(100, 0, 1, 1, NULL, '2025-01-27 19:49:55', 1, 50),
(101, 0, 3, 655.7, NULL, '2025-01-27 20:04:12', 1, 33),
(102, 63, 0, 469.18, '2025-01-27 20:08:48', NULL, 1, 30),
(103, 100, 0, 193.92, '2025-01-27 20:08:48', NULL, 1, 32),
(104, 1, 0, 1, '2025-01-27 20:08:48', NULL, 1, 41),
(105, 1, 0, 2, '2025-01-27 20:08:48', NULL, 1, 42),
(106, 1, 0, 1, '2025-01-27 20:08:48', NULL, 1, 65),
(107, 2, 0, 3, '2025-01-27 20:08:48', NULL, 1, 53),
(108, 0, 1, 46, NULL, '2025-01-27 20:27:52', 1, 39),
(109, 0, 274.4, 381.3, NULL, '2025-01-28 12:50:17', 1, 33),
(110, 0, 4, 401.88, NULL, '2025-01-28 13:17:05', 1, 34),
(111, 3, 0, 3, '2025-01-28 14:16:52', NULL, 1, 56),
(112, 0, 1, 45, NULL, '2025-01-28 14:29:54', 1, 39),
(113, 0, 1.24, 400.64, NULL, '2025-01-28 14:32:37', 1, 34),
(114, 0, 2, 2678.39, NULL, '2025-01-28 16:08:08', 1, 28),
(115, 0, 12, 388.64, NULL, '2025-01-28 16:08:08', 1, 34),
(116, 0, 1, 44, NULL, '2025-01-28 17:05:17', 1, 39),
(117, 0, 4.46, 2673.93, NULL, '2025-01-28 17:31:30', 1, 28),
(118, 5, 0, 5, '2025-01-28 17:45:10', NULL, 1, 60),
(119, 0, 12.34, 2661.59, NULL, '2025-01-28 18:32:39', 1, 28),
(120, 0, 5.9, 218.76, NULL, '2025-01-28 18:32:39', 1, 64),
(121, 0, 1, 43, NULL, '2025-01-28 18:55:07', 1, 39),
(122, 0, 23.46, 357.84, NULL, '2025-01-28 19:04:48', 1, 33),
(123, 0, 2, 11, NULL, '2025-01-28 19:36:56', 1, 21),
(124, 0, 2, 11, NULL, '2025-01-28 19:36:56', 1, 22),
(125, 0, 2, 10, NULL, '2025-01-28 19:36:56', 1, 23),
(126, 0, 2, 10, NULL, '2025-01-28 19:36:56', 1, 24),
(127, 0, 1, 5, NULL, '2025-01-29 12:41:33', 1, 2),
(128, 0, 1, 25, NULL, '2025-01-29 12:41:33', 1, 15),
(129, 0, 1.84, 192.08, NULL, '2025-01-29 12:41:33', 1, 32),
(130, 0, 155.65, 202.19, NULL, '2025-01-29 12:41:33', 1, 33),
(131, 0, 1, 42, NULL, '2025-01-29 13:59:35', 1, 39),
(132, 0, 3.93, 198.26, NULL, '2025-01-29 14:31:11', 1, 33),
(133, 0, 2, 1, NULL, '2025-01-29 16:47:36', 1, 56),
(134, 0, 3.5, 4.5, NULL, '2025-01-29 17:36:47', 1, 26),
(135, 0, 5, 187.08, NULL, '2025-01-29 17:36:47', 1, 32),
(136, 0, 1, 2660.59, NULL, '2025-01-29 20:37:23', 1, 28),
(137, 0, 1, 4, NULL, '2025-01-30 13:14:19', 1, 60),
(138, 1, 0, 5, '2025-01-30 13:34:41', NULL, 1, 60),
(139, 0, 20.28, 166.8, NULL, '2025-01-30 16:15:17', 1, 32),
(140, 0, 20.13, 141.88, NULL, '2025-01-30 16:15:17', 1, 33),
(141, 0, 1, 387.64, NULL, '2025-01-30 16:15:17', 1, 34),
(142, 0, 3.4, 215.36, NULL, '2025-01-30 16:15:17', 1, 64),
(143, 0, 1.8, 2658.79, NULL, '2025-01-30 16:17:43', 1, 28),
(144, 0, 2.5, 232.58, NULL, '2025-01-30 17:00:06', 1, 55),
(145, 0, 19, 2639.79, NULL, '2025-01-30 18:06:17', 1, 28),
(146, 0, 1.9, 85.1, NULL, '2025-01-30 18:06:17', 1, 31),
(147, 0, 40.58, 101.3, NULL, '2025-01-30 18:06:17', 1, 33),
(148, 0, 1, 41, NULL, '2025-01-30 20:29:56', 1, 39),
(149, 0, 2, 0, NULL, '2025-01-30 20:29:56', 1, 48),
(151, 0, 3.6, 2636.19, NULL, '2025-01-31 12:46:38', 1, 28),
(152, 0, 2, 1, NULL, '2025-01-31 13:23:58', 1, 53),
(154, 0, 1, 0, NULL, '2025-01-31 14:05:57', 1, 41),
(155, 0, 1, 24, NULL, '2025-01-31 14:41:26', 1, 15),
(156, 0, 1, 10, NULL, '2025-01-31 15:17:22', 1, 11),
(157, 0, 2, 22, NULL, '2025-01-31 15:17:22', 1, 15),
(158, 0, 6.92, 200.08, NULL, '2025-01-31 15:36:28', 1, 35),
(159, 0, 2, 3, NULL, '2025-01-31 16:59:38', 1, 60),
(160, 0, 7, 94.3, NULL, '2025-01-31 17:11:47', 1, 33),
(161, 0, 1, 1, NULL, '2025-01-31 18:04:52', 1, 69),
(162, 0, 1.8, 2634.39, NULL, '2025-01-31 18:21:24', 1, 28),
(163, 0, 5.5, 463.68, NULL, '2025-01-31 18:21:24', 1, 30),
(164, 0, 2.3, 164.5, NULL, '2025-01-31 18:21:24', 1, 32),
(165, 0, 1.61, 379.11, NULL, '2025-01-31 18:21:24', 1, 34),
(166, 0, 5.4, 2628.99, NULL, '2025-02-03 16:16:07', 1, 28),
(167, 0, 2.2, 461.48, NULL, '2025-02-03 16:16:07', 1, 30),
(168, 0, 4.49, 144.01, NULL, '2025-02-03 16:16:07', 1, 32),
(169, 0, 1, 378.11, NULL, '2025-02-03 16:17:54', 1, 34),
(170, 0, 1, 40, NULL, '2025-02-03 16:19:36', 1, 39),
(171, 0, 9.45, 2619.54, NULL, '2025-02-03 17:14:09', 1, 28),
(172, 0, 11, 450.48, NULL, '2025-02-03 17:14:09', 1, 30),
(173, 0, 24, 70.3, NULL, '2025-02-03 17:14:09', 1, 33),
(174, 0, 4.77, 207.19, NULL, '2025-02-03 17:14:10', 1, 64),
(175, 0, 1, 3.5, NULL, '2025-02-03 17:35:16', 1, 26),
(176, 0, 2.3, 141.71, NULL, '2025-02-03 19:52:17', 1, 32),
(177, 0, 37, 33.3, NULL, '2025-02-03 20:10:13', 1, 33),
(178, 0, 6, 372.11, NULL, '2025-02-03 20:10:13', 1, 34),
(179, 0, 5, 445.48, NULL, '2025-02-04 13:19:35', 1, 30),
(180, 0, 1, 21, NULL, '2025-02-04 13:25:02', 1, 15),
(181, 0, 2, 38, NULL, '2025-02-04 13:25:02', 1, 39),
(182, 0, 2, 83.1, NULL, '2025-02-04 15:14:31', 1, 31),
(183, 0, 7, 134.71, NULL, '2025-02-04 15:14:31', 1, 32),
(184, 3, 0, 3, '2025-02-04 20:16:02', NULL, 1, 41),
(185, 3, 0, 5, '2025-02-04 20:16:02', NULL, 1, 42),
(186, 3, 0, 4, '2025-02-04 20:16:02', NULL, 1, 65),
(187, 6, 0, 6, '2025-02-04 20:16:02', NULL, 1, 71),
(188, 2, 0, 2, '2025-02-04 20:16:02', NULL, 1, 73),
(189, 3, 0, 3, '2025-02-04 20:16:02', NULL, 1, 74),
(190, 2, 0, 3, '2025-02-04 20:16:02', NULL, 1, 53),
(191, 2, 0, 2, '2025-02-04 20:16:02', NULL, 1, 72),
(192, 0, 9.4, 2610.14, NULL, '2025-02-04 20:20:13', 1, 28),
(193, 0, 4, 79.1, NULL, '2025-02-04 20:20:13', 1, 31),
(194, 0, 1, 371.11, NULL, '2025-02-04 20:26:56', 1, 34),
(195, 0, 5, 366.11, NULL, '2025-02-04 20:29:55', 1, 34),
(196, 0, 11.5, 2598.64, NULL, '2025-02-04 20:38:43', 1, 28),
(197, 0, 2.3, 132.41, NULL, '2025-02-04 20:38:43', 1, 32),
(198, 0, 1, 1, NULL, '2025-02-05 12:29:27', 1, 73),
(199, 6, 0, 6, '2025-02-05 13:00:24', NULL, 1, 48),
(200, 0, 19.8, 2578.84, NULL, '2025-02-05 13:58:27', 1, 28),
(201, 0, 0.23, 365.88, NULL, '2025-02-05 13:58:27', 1, 34),
(202, 0, 1, 1, NULL, '2025-02-05 15:55:49', 1, 72),
(203, 0, 20.5, 2558.34, NULL, '2025-02-05 18:49:05', 1, 28),
(204, 0, 14.53, 351.35, NULL, '2025-02-05 18:49:05', 1, 34),
(205, 0, 1, 14, NULL, '2025-02-05 18:51:41', 1, 14),
(206, 0, 2, 4, NULL, '2025-02-05 18:51:42', 1, 71),
(207, 0, 1.21, 131.2, NULL, '2025-02-05 18:54:52', 1, 32),
(208, 0, 7, 344.35, NULL, '2025-02-05 21:04:51', 1, 34),
(209, 0, 18, 2540.34, NULL, '2025-02-06 17:22:25', 1, 28),
(210, 0, 10, 435.48, NULL, '2025-02-06 17:22:25', 1, 30),
(211, 0, 4, 340.35, NULL, '2025-02-06 17:22:25', 1, 34),
(212, 0, 7, 105.83, NULL, '2025-02-06 17:22:25', 1, 36),
(213, 0, 4, 203.19, NULL, '2025-02-06 17:22:25', 1, 64),
(214, 0, 4, 2536.34, NULL, '2025-02-06 17:27:00', 1, 28),
(215, 0, 14, 19.3, NULL, '2025-02-06 17:27:00', 1, 33),
(216, 0, 16, 324.35, NULL, '2025-02-06 17:27:00', 1, 34),
(217, 0, 1, 37, NULL, '2025-02-06 18:30:35', 1, 39),
(218, 0, 1, 5, NULL, '2025-02-06 18:31:49', 1, 40),
(219, 0, 2.2, 129, NULL, '2025-02-06 18:32:02', 1, 32),
(220, 0, 25, 299.35, NULL, '2025-02-06 18:32:02', 1, 34),
(221, 0, 1, 0, NULL, '2025-02-07 13:24:02', 1, 69),
(222, 0, 4, 295.35, NULL, '2025-02-07 13:24:18', 1, 34),
(223, 0, 16, 279.35, NULL, '2025-02-07 13:29:40', 1, 34),
(224, 0, 1, 12, NULL, '2025-02-07 13:30:14', 1, 12),
(225, 0, 1, 11, NULL, '2025-02-07 13:30:14', 1, 13),
(226, 0, 1, 20, NULL, '2025-02-07 13:30:14', 1, 15),
(227, 0, 28, 251.35, NULL, '2025-02-07 14:08:05', 1, 34),
(228, 0, 4.3, 15, NULL, '2025-02-07 17:00:57', 1, 33),
(229, 2, 0, 2, '2025-02-07 17:48:21', NULL, 1, 75),
(230, 0, 1, 1, NULL, '2025-02-07 17:48:49', 1, 75),
(231, 0, 4, 199.19, NULL, '2025-02-07 18:16:50', 1, 64),
(232, 10, 0, 13, '2025-02-07 18:17:31', NULL, 1, 60),
(233, 0, 2, 35, NULL, '2025-02-07 18:24:23', 1, 39),
(234, 0, 8, 121, NULL, '2025-02-07 18:25:58', 1, 32),
(235, 0, 8.5, 2527.84, NULL, '2025-02-10 13:47:46', 1, 28),
(236, 317, 0, 317, '2025-02-10 17:08:18', NULL, 1, 76),
(237, 150.87, 0, 150.87, '2025-02-10 17:08:18', NULL, 1, 77),
(238, 0, 1, 19, NULL, '2025-02-10 17:52:46', 1, 15),
(239, 0, 15, 64.1, NULL, '2025-02-10 18:35:50', 1, 31),
(240, 0, 3.3, 229.28, NULL, '2025-02-10 18:35:50', 1, 55),
(241, 0, 51, 200.35, NULL, '2025-02-10 20:56:19', 1, 34),
(242, 0, 1, 6, NULL, '2025-02-11 13:47:01', 1, 4),
(243, 0, 9, 96.83, NULL, '2025-02-11 13:47:01', 1, 36),
(244, 0, 1, 4, NULL, '2025-02-11 13:47:37', 1, 42),
(245, 0, 13, 187.35, NULL, '2025-02-11 13:49:52', 1, 34),
(246, 0, 63, 254, NULL, '2025-02-11 13:49:52', 1, 76),
(247, 3, 0, 3, '2025-02-11 14:03:14', NULL, 1, 78),
(248, 0, 1, 2, NULL, '2025-02-11 14:03:39', 1, 78),
(249, 0, 6.5, 180.85, NULL, '2025-02-11 14:04:00', 1, 34),
(250, 0, 1, 34, NULL, '2025-02-11 17:53:52', 1, 39),
(251, 0, 25, 155.85, NULL, '2025-02-11 17:54:13', 1, 34),
(252, 0, 1, 12, NULL, '2025-02-12 13:19:52', 1, 60),
(253, 0, 7.25, 2520.59, NULL, '2025-02-12 14:41:11', 1, 28),
(254, 0, 1, 18, NULL, '2025-02-12 14:42:01', 1, 15),
(255, 0, 1, 0, NULL, '2025-02-12 14:42:02', 1, 73),
(256, 0, 1, 2, NULL, '2025-02-12 14:42:02', 1, 74),
(257, 0, 4, 2516.59, NULL, '2025-02-12 17:39:19', 1, 28),
(258, 0, 10, 111, NULL, '2025-02-12 17:39:19', 1, 32),
(259, 0, 59, 195, NULL, '2025-02-12 17:39:19', 1, 76),
(260, 0, 2, 32, NULL, '2025-02-12 20:02:10', 1, 39),
(261, 0, 2.3, 2514.29, NULL, '2025-02-13 19:32:14', 1, 28),
(262, 0, 3.8, 107.2, NULL, '2025-02-13 19:32:14', 1, 32),
(263, 0, 2.2, 2512.09, NULL, '2025-02-13 19:32:53', 1, 28),
(264, 0, 3, 1, NULL, '2025-02-13 19:34:10', 1, 71),
(265, 0, 4.6, 2507.49, NULL, '2025-02-13 19:49:44', 1, 28),
(266, 0, 47.4, 59.8, NULL, '2025-02-13 19:49:44', 1, 32),
(267, 0, 32, 123.85, NULL, '2025-02-13 19:49:44', 1, 34),
(268, 0, 1, 13, NULL, '2025-02-13 20:07:16', 1, 14),
(269, 0, 2, 1, NULL, '2025-02-13 20:25:30', 1, 53),
(270, 0, 2.3, 2505.19, NULL, '2025-02-14 15:35:01', 1, 28),
(271, 0, 3.3, 432.18, NULL, '2025-02-14 15:35:01', 1, 30),
(272, 0, 3.3, 56.5, NULL, '2025-02-14 15:35:01', 1, 32),
(273, 3, 0, 3, '2025-02-14 15:53:29', NULL, 1, 58),
(275, 0, 3.5, 0, NULL, '2025-02-14 16:13:46', 1, 26),
(276, 0, 8, 56.1, NULL, '2025-02-14 16:55:41', 1, 31),
(277, 0, 1, 4, NULL, '2025-02-14 16:55:41', 1, 40),
(278, 0, 1, 2, NULL, '2025-02-14 19:50:37', 1, 58),
(279, 0, 8, 48.5, NULL, '2025-02-14 19:51:30', 1, 32),
(280, 0, 4.32, 119.53, NULL, '2025-02-14 19:51:30', 1, 34),
(281, 0, 24, 171, NULL, '2025-02-14 19:51:30', 1, 76),
(282, 0, 1, 1, NULL, '2025-02-17 12:33:38', 1, 58),
(283, 0, 55, 41.83, NULL, '2025-02-17 12:45:01', 1, 36),
(284, 3, 0, 8, '2025-02-17 12:46:24', NULL, 1, 5),
(285, 2, 0, 2, '2025-02-17 12:46:24', NULL, 1, 6),
(286, 4, 0, 4, '2025-02-17 12:46:24', NULL, 1, 8),
(287, 0, 7.2, 34.63, NULL, '2025-02-17 14:12:06', 1, 36),
(288, 4, 0, 24, '2025-02-17 15:37:01', NULL, 1, 7),
(289, 0, 22, 2483.19, NULL, '2025-02-17 15:41:11', 1, 28),
(290, 0, 4.8, 114.73, NULL, '2025-02-17 15:41:11', 1, 34),
(291, 0, 30, 141, NULL, '2025-02-17 15:41:11', 1, 76),
(292, 0, 9, 105.73, NULL, '2025-02-17 15:44:47', 1, 34),
(293, 0, 2, 30, NULL, '2025-02-17 15:45:20', 1, 39),
(294, 0, 2, 28, NULL, '2025-02-17 18:27:30', 1, 39),
(295, 0, 8, 97.73, NULL, '2025-02-17 18:27:51', 1, 34),
(296, 0, 4.45, 2478.74, NULL, '2025-02-17 18:28:54', 1, 28),
(297, 0, 5, 92.73, NULL, '2025-02-17 18:28:54', 1, 34),
(298, 0, 1, 27, NULL, '2025-02-17 18:48:28', 1, 39),
(299, 0, 3.62, 2475.12, NULL, '2025-02-17 19:46:42', 1, 28),
(300, 0, 3.6, 44.9, NULL, '2025-02-17 19:46:42', 1, 32),
(301, 0, 24, 117, NULL, '2025-02-17 19:46:42', 1, 76),
(302, 0, 1, 26, NULL, '2025-02-17 21:11:35', 1, 39),
(303, 0, 16, 213.28, NULL, '2025-02-17 21:12:47', 1, 55),
(304, 0, 1, 3, NULL, '2025-02-17 21:15:36', 1, 65),
(305, 0, 1, 17, NULL, '2025-02-18 12:34:42', 1, 15),
(306, 0, 9.2, 2465.92, NULL, '2025-02-18 13:56:36', 1, 28),
(307, 0, 6, 86.73, NULL, '2025-02-18 13:56:36', 1, 34),
(308, 0, 14, 103, NULL, '2025-02-18 13:56:36', 1, 76),
(309, 0, 3, 5, NULL, '2025-02-18 13:59:46', 1, 5),
(310, 0, 2, 0, NULL, '2025-02-18 13:59:46', 1, 6),
(311, 0, 4, 20, NULL, '2025-02-18 13:59:46', 1, 7),
(312, 0, 4, 0, NULL, '2025-02-18 13:59:46', 1, 8),
(313, 0, 1, 0, NULL, '2025-02-18 17:52:22', 1, 53),
(314, 0, 9.3, 2456.62, NULL, '2025-02-18 17:52:47', 1, 28),
(315, 0, 8, 424.18, NULL, '2025-02-18 17:52:47', 1, 30),
(316, 0, 23, 21.9, NULL, '2025-02-18 17:52:47', 1, 32),
(317, 0, 24, 79, NULL, '2025-02-18 17:52:47', 1, 76),
(318, 50, 0, 71.9, '2025-02-18 18:55:15', NULL, 1, 32),
(319, 700, 0, 712.73, '2025-02-18 18:55:15', NULL, 1, 34),
(320, 548, 0, 627, '2025-02-18 18:55:15', NULL, 1, 76),
(321, 0, 62, 650.73, NULL, '2025-02-18 18:56:12', 1, 34),
(322, 4, 0, 5, '2025-02-18 18:57:05', NULL, 1, 71),
(323, 3, 0, 3, '2025-02-18 18:57:05', NULL, 1, 73),
(324, 1, 0, 1, '2025-02-18 18:57:05', NULL, 1, 53),
(325, 0, 2, 3, NULL, '2025-02-18 19:12:26', 1, 71),
(326, 250, 0, 321.9, '2025-02-18 19:13:30', NULL, 1, 32),
(327, 0, 2, 24, NULL, '2025-02-18 19:56:22', 1, 39),
(328, 0, 15.5, 611.5, NULL, '2025-02-18 20:46:07', 1, 76),
(329, 0, 82.43, 529.07, NULL, '2025-02-18 20:46:34', 1, 76),
(330, 0, 2, 48, NULL, '2025-02-18 20:55:45', 1, 70),
(331, 0, 1, 212.28, NULL, '2025-02-18 21:08:06', 1, 55),
(332, 0, 2, 210.28, NULL, '2025-02-19 12:20:53', 1, 55),
(333, 0, 3.07, 2453.55, NULL, '2025-02-19 13:34:41', 1, 28),
(334, 0, 2.92, 421.26, NULL, '2025-02-19 13:34:41', 1, 30),
(335, 0, 5.5, 316.4, NULL, '2025-02-19 13:34:41', 1, 32),
(336, 610, 0, 644.63, '2025-02-19 14:08:09', NULL, 1, 36),
(337, 0, 2, 527.07, NULL, '2025-02-19 16:05:26', 1, 76),
(338, 2, 0, 2, '2025-02-19 16:28:07', NULL, 1, 69),
(339, 0, 1, 1, NULL, '2025-02-19 16:28:58', 1, 69),
(340, 0, 53, 591.63, NULL, '2025-02-19 16:29:11', 1, 36),
(341, 0, 13, 514.07, NULL, '2025-02-19 16:29:11', 1, 76),
(342, 0, 1, 10, NULL, '2025-02-19 17:53:58', 1, 13),
(343, 0, 1, 16, NULL, '2025-02-19 17:53:58', 1, 15),
(344, 0, 2, 22, NULL, '2025-02-19 18:30:31', 1, 39),
(345, 0, 1, 590.63, NULL, '2025-02-19 18:52:40', 1, 36),
(346, 0, 34, 616.73, NULL, '2025-02-19 18:54:39', 1, 34),
(347, 0, 1, 589.63, NULL, '2025-02-19 18:54:39', 1, 36),
(348, 0, 2.3, 2451.25, NULL, '2025-02-19 19:30:10', 1, 28),
(349, 0, 9.2, 307.2, NULL, '2025-02-19 19:30:10', 1, 32),
(350, 0, 8, 608.73, NULL, '2025-02-19 19:30:10', 1, 34),
(351, 0, 30, 559.63, NULL, '2025-02-19 19:30:10', 1, 36),
(352, 0, 1, 11, NULL, '2025-02-20 17:43:17', 1, 12),
(353, 0, 1, 15, NULL, '2025-02-20 17:43:17', 1, 15),
(354, 0, 11, 503.07, NULL, '2025-02-20 17:48:06', 1, 76),
(355, 0, 1, 55.1, NULL, '2025-02-20 17:48:49', 1, 31),
(356, 0, 1, 607.73, NULL, '2025-02-20 17:48:49', 1, 34),
(357, 0, 1, 502.07, NULL, '2025-02-20 17:48:49', 1, 76),
(358, 0, 40, 567.73, NULL, '2025-02-20 17:55:14', 1, 34),
(359, 0, 69.3, 432.77, NULL, '2025-02-20 17:55:14', 1, 76),
(360, 0, 2, 9, NULL, '2025-02-20 17:56:37', 1, 21),
(361, 0, 2, 9, NULL, '2025-02-20 17:56:37', 1, 22),
(362, 0, 2, 8, NULL, '2025-02-20 17:56:37', 1, 23),
(363, 0, 2, 8, NULL, '2025-02-20 17:56:37', 1, 24),
(364, 0, 22.1, 285.1, NULL, '2025-02-20 17:57:06', 1, 32),
(365, 0, 14, 553.73, NULL, '2025-02-20 17:57:06', 1, 34),
(366, 0, 4, 0, NULL, '2025-02-20 17:58:12', 1, 42),
(367, 0, 29.48, 2421.77, NULL, '2025-02-20 17:58:35', 1, 28),
(368, 0, 36, 517.73, NULL, '2025-02-20 18:01:31', 1, 34),
(369, 0, 2, 1, NULL, '2025-02-20 18:52:49', 1, 41),
(370, 0, 3, 0, NULL, '2025-02-20 18:52:49', 1, 71),
(371, 0, 1, 0, NULL, '2025-02-20 18:52:49', 1, 53),
(372, 0, 1, 0, NULL, '2025-02-20 18:52:49', 1, 63),
(373, 0, 2, 515.73, NULL, '2025-02-20 19:02:06', 1, 34),
(374, 0, 1.5, 283.6, NULL, '2025-02-20 19:32:46', 1, 32),
(375, 0, 2, 53.1, NULL, '2025-02-20 20:26:24', 1, 31),
(376, 0, 1, 2420.77, NULL, '2025-02-20 20:55:39', 1, 28),
(377, 0, 1.44, 282.16, NULL, '2025-02-20 20:55:39', 1, 32),
(378, 0, 10.75, 504.98, NULL, '2025-02-20 20:55:39', 1, 34),
(379, 0, 1.8, 197.39, NULL, '2025-02-20 20:55:40', 1, 64),
(380, 0, 62, 442.98, NULL, '2025-02-21 14:36:57', 1, 34),
(381, 0, 1.95, 2418.82, NULL, '2025-02-21 14:37:32', 1, 28),
(382, 0, 4, 18, NULL, '2025-02-21 14:39:57', 1, 39),
(383, 0, 1, 17, NULL, '2025-02-21 16:39:55', 1, 39),
(384, 0, 1.95, 2416.87, NULL, '2025-02-21 16:40:36', 1, 28),
(385, 0, 1, 16, NULL, '2025-02-21 16:40:36', 1, 39),
(386, 0, 2.3, 2414.57, NULL, '2025-02-21 18:08:30', 1, 28),
(387, 0, 36, 246.16, NULL, '2025-02-21 18:21:20', 1, 32),
(388, 0, 2.66, 440.32, NULL, '2025-02-21 18:21:20', 1, 34),
(389, 0, 273, 286.63, NULL, '2025-02-21 18:21:20', 1, 36),
(390, 0, 2, 195.39, NULL, '2025-02-21 18:21:20', 1, 64),
(391, 3, 0, 3, '2025-02-21 19:03:28', NULL, 1, 42),
(392, 4, 0, 4, '2025-02-21 19:03:28', NULL, 1, 71),
(393, 2, 0, 2, '2025-02-21 19:03:29', NULL, 1, 53),
(394, 2, 0, 2, '2025-02-21 19:03:29', NULL, 1, 63),
(395, 2, 0, 4, '2025-02-21 19:03:29', NULL, 1, 67),
(396, 0, 1, 3, NULL, '2025-02-21 20:22:54', 1, 67),
(397, 0, 3.3, 417.96, NULL, '2025-02-21 20:36:40', 1, 30),
(398, 0, 0.72, 245.44, NULL, '2025-02-21 20:36:40', 1, 32),
(399, 0, 48, 384.77, NULL, '2025-02-21 20:36:40', 1, 76),
(400, 0, 1, 10, NULL, '2025-02-21 20:57:54', 1, 12),
(401, 0, 2, 14, NULL, '2025-02-24 12:25:09', 1, 39),
(402, 0, 2, 0, NULL, '2025-02-24 12:40:09', 1, 53),
(403, 0, 2, 12, NULL, '2025-02-24 13:39:36', 1, 39),
(404, 0, 143, 297.32, NULL, '2025-02-24 14:40:56', 1, 34),
(405, 0, 1.5, 193.89, NULL, '2025-02-24 14:40:56', 1, 64),
(406, 0, 47, 337.77, NULL, '2025-02-24 14:40:56', 1, 76),
(407, 0, 222.5, 22.94, NULL, '2025-02-24 14:43:23', 1, 32),
(408, 0, 2, 10, NULL, '2025-02-24 16:24:01', 1, 39),
(409, 49, 0, 59, '2025-02-24 16:26:44', NULL, 1, 39),
(410, 0, 9, 44.1, NULL, '2025-02-24 16:39:22', 1, 31),
(411, 0, 43, 254.32, NULL, '2025-02-24 16:39:22', 1, 34),
(412, 0, 1, 2, NULL, '2025-02-24 16:39:22', 1, 66),
(413, 500, 0, 522.94, '2025-02-24 19:10:38', NULL, 1, 32),
(414, 0, 1, 1, NULL, '2025-02-24 19:10:38', 1, 66),
(415, 0, 333, 189.94, NULL, '2025-02-24 19:48:41', 1, 32),
(416, 0, 1, 8, NULL, '2025-02-24 19:56:24', 1, 21),
(417, 0, 2, 57, NULL, '2025-02-24 19:56:45', 1, 39),
(418, 0, 2, 6, NULL, '2025-02-25 12:30:30', 1, 23),
(419, 0, 28, 2386.57, NULL, '2025-02-25 12:31:11', 1, 28),
(420, 0, 118, 71.94, NULL, '2025-02-25 12:31:11', 1, 32),
(421, 0, 3, 54, NULL, '2025-02-25 15:49:53', 1, 39),
(422, 0, 1, 53, NULL, '2025-02-25 17:58:00', 1, 39),
(423, 0, 155, 99.32, NULL, '2025-02-25 17:58:19', 1, 34),
(424, 50, 0, 121.94, '2025-02-25 18:12:46', NULL, 1, 32),
(425, 817, 0, 916.32, '2025-02-25 18:12:46', NULL, 1, 34),
(426, 577, 0, 914.77, '2025-02-25 18:12:47', NULL, 1, 76),
(427, 0, 1, 4, NULL, '2025-02-25 19:09:25', 1, 3),
(428, 0, 2, 6, NULL, '2025-02-25 19:09:25', 1, 21),
(429, 0, 1, 8, NULL, '2025-02-25 19:09:25', 1, 22),
(430, 0, 2, 4, NULL, '2025-02-25 19:09:25', 1, 23),
(431, 0, 1, 7, NULL, '2025-02-25 19:09:25', 1, 24),
(432, 0, 2, 51, NULL, '2025-02-25 19:36:41', 1, 39),
(433, 0, 46, 868.77, NULL, '2025-02-25 20:11:54', 1, 76),
(434, 0, 115, 2271.57, NULL, '2025-02-25 20:20:10', 1, 28),
(435, 0, 20, 266.63, NULL, '2025-02-25 20:20:10', 1, 36),
(436, 0, 1, 50, NULL, '2025-02-26 13:38:12', 1, 39),
(437, 0, 1, 11, NULL, '2025-02-26 13:38:12', 1, 60),
(438, 2, 0, 3, '2025-02-26 14:22:35', NULL, 1, 41),
(439, 3, 0, 3, '2025-02-26 14:22:35', NULL, 1, 53),
(440, 0, 1, 2, NULL, '2025-02-26 14:23:31', 1, 53),
(441, 0, 29.3, 2242.27, NULL, '2025-02-26 14:23:44', 1, 28),
(442, 0, 106, 810.32, NULL, '2025-02-26 14:23:44', 1, 34),
(443, 0, 12, 856.77, NULL, '2025-02-26 14:23:44', 1, 76),
(444, 2, 0, 2, '2025-02-26 15:31:34', NULL, 1, 44),
(445, 0, 1, 10, NULL, '2025-02-26 15:31:58', 1, 60),
(446, 0, 1, 3, NULL, '2025-02-26 15:51:07', 1, 40),
(447, 0, 4.4, 2237.87, NULL, '2025-02-26 19:06:10', 1, 28),
(448, 0, 1.86, 42.24, NULL, '2025-02-26 19:06:10', 1, 31),
(449, 0, 7.3, 803.02, NULL, '2025-02-26 19:06:10', 1, 34),
(450, 0, 14.35, 252.28, NULL, '2025-02-26 19:06:10', 1, 36),
(451, 0, 1, 9, NULL, '2025-02-26 19:46:48', 1, 13),
(452, 0, 1, 14, NULL, '2025-02-26 19:46:48', 1, 15),
(453, 0, 0.23, 802.79, NULL, '2025-02-26 19:55:45', 1, 34),
(454, 0, 141, 715.77, NULL, '2025-02-26 19:55:45', 1, 76),
(455, 0, 25.58, 777.21, NULL, '2025-02-26 20:03:04', 1, 34),
(456, 0, 13.6, 702.17, NULL, '2025-02-27 17:50:45', 1, 76),
(457, 0, 4.7, 413.26, NULL, '2025-02-27 17:52:39', 1, 30),
(458, 0, 81, 696.21, NULL, '2025-02-27 17:52:39', 1, 34),
(459, 0, 5, 2232.87, NULL, '2025-02-27 17:53:34', 1, 28),
(460, 0, 4.3, 117.64, NULL, '2025-02-27 17:53:34', 1, 32),
(461, 0, 97.4, 604.77, NULL, '2025-02-27 17:53:35', 1, 76),
(462, 0, 25.58, 670.63, NULL, '2025-02-27 17:59:30', 1, 34),
(463, 0, 6, 44, NULL, '2025-02-27 18:15:33', 1, 39),
(464, 0, 19, 651.63, NULL, '2025-02-27 18:18:22', 1, 34),
(465, 0, 2, 42, NULL, '2025-02-27 21:24:16', 1, 39),
(466, 0, 2, 40.24, NULL, '2025-02-28 13:19:31', 1, 31),
(467, 0, 1, 9, NULL, '2025-02-28 13:19:32', 1, 60),
(468, 0, 7.56, 110.08, NULL, '2025-02-28 13:42:52', 1, 32),
(469, 0, 10.39, 641.24, NULL, '2025-02-28 13:42:52', 1, 34),
(470, 0, 7.3, 633.94, NULL, '2025-02-28 14:11:23', 1, 34),
(471, 0, 1, 7, NULL, '2025-02-28 14:20:58', 1, 1),
(472, 0, 1, 4, NULL, '2025-02-28 14:20:58', 1, 2),
(473, 0, 1, 9, NULL, '2025-02-28 14:20:58', 1, 11),
(474, 0, 212, 40.28, NULL, '2025-02-28 16:24:05', 1, 36),
(475, 0, 23.2, 581.57, NULL, '2025-02-28 16:24:05', 1, 76),
(476, 0, 1, 5, NULL, '2025-02-28 17:35:06', 1, 21),
(477, 0, 1, 41, NULL, '2025-02-28 17:35:06', 1, 39),
(478, 0, 1, 40, NULL, '2025-02-28 17:43:52', 1, 39),
(479, 0, 1, 0, NULL, '2025-02-28 17:57:19', 1, 75),
(480, 0, 1, 1, NULL, '2025-02-28 17:57:19', 1, 63),
(481, 0, 1, 0, NULL, '2025-02-28 18:24:41', 1, 58),
(482, 0, 4.07, 409.19, NULL, '2025-02-28 18:54:45', 1, 30),
(483, 0, 3.43, 106.65, NULL, '2025-02-28 18:54:45', 1, 32),
(484, 0, 1.75, 192.14, NULL, '2025-02-28 18:54:45', 1, 64),
(485, 400, 0, 506.65, '2025-02-28 19:26:09', NULL, 1, 32),
(486, 2, 0, 4, '2025-02-28 19:26:09', NULL, 1, 74),
(487, 0, 6, 2226.87, NULL, '2025-02-28 20:42:58', 1, 28),
(488, 0, 3.3, 405.89, NULL, '2025-02-28 20:42:58', 1, 30),
(489, 0, 4.45, 502.2, NULL, '2025-02-28 20:42:58', 1, 32),
(490, 0, 12, 621.94, NULL, '2025-02-28 20:42:58', 1, 34),
(491, 0, 3, 1, NULL, '2025-02-28 20:42:58', 1, 74),
(492, 0, 1, 3, NULL, '2025-02-28 20:45:25', 1, 23),
(493, 0, 1.4, 208.88, NULL, '2025-02-28 20:45:43', 1, 55),
(494, 0, 4, 401.89, NULL, '2025-02-28 20:46:05', 1, 30),
(495, 0, 4.65, 397.24, NULL, '2025-02-28 21:28:11', 1, 30),
(496, 0, 2.65, 619.29, NULL, '2025-02-28 21:28:11', 1, 34),
(497, 0, 1, 39, NULL, '2025-02-28 21:28:11', 1, 39),
(498, 0, 3, 6, NULL, '2025-03-05 12:55:24', 1, 60),
(499, 0, 68.1, 551.19, NULL, '2025-03-05 12:55:59', 1, 34),
(500, 0, 1, 38, NULL, '2025-03-05 12:55:59', 1, 39),
(501, 0, 2, 4, NULL, '2025-03-05 14:30:05', 1, 60),
(502, 6, 0, 10, '2025-03-05 15:01:00', NULL, 1, 60),
(503, 0, 11.48, 2215.39, NULL, '2025-03-05 19:25:05', 1, 28),
(504, 0, 0.46, 501.74, NULL, '2025-03-05 19:25:05', 1, 32),
(505, 0, 1, 550.19, NULL, '2025-03-05 19:25:05', 1, 34),
(506, 0, 4, 6, NULL, '2025-03-05 19:25:05', 1, 60),
(507, 0, 20, 2195.39, NULL, '2025-03-05 19:27:20', 1, 28),
(508, 0, 79.55, 502.02, NULL, '2025-03-05 19:27:20', 1, 76),
(509, 0, 1, 37, NULL, '2025-03-05 19:27:20', 1, 39),
(510, 0, 2.3, 2193.09, NULL, '2025-03-06 17:57:01', 1, 28),
(511, 0, 20.3, 529.89, NULL, '2025-03-06 17:57:01', 1, 34),
(512, 0, 10.48, 29.8, NULL, '2025-03-06 17:57:01', 1, 36),
(513, 0, 13.6, 488.42, NULL, '2025-03-06 17:57:01', 1, 76),
(514, 12, 0, 17, '2025-03-06 18:52:22', NULL, 1, 5),
(515, 14, 0, 14, '2025-03-06 18:52:22', NULL, 1, 6),
(516, 18, 0, 18, '2025-03-06 18:52:22', NULL, 1, 8),
(517, 0, 1, 5, NULL, '2025-03-06 18:55:08', 1, 60),
(518, 0, 1, 0, NULL, '2025-03-06 18:55:08', 1, 69),
(519, 0, 1, 1, NULL, '2025-03-06 18:55:46', 1, 53),
(520, 0, 3.5, 188.64, NULL, '2025-03-06 18:56:04', 1, 64),
(521, 0, 1, 13, NULL, '2025-03-06 18:58:47', 1, 15),
(522, 0, 4, 525.89, NULL, '2025-03-06 19:01:55', 1, 34),
(523, 0, 5, 35.24, NULL, '2025-03-06 19:53:06', 1, 31),
(524, 0, 1, 36, NULL, '2025-03-06 19:53:06', 1, 39),
(525, 0, 7.6, 518.29, NULL, '2025-03-07 17:48:36', 1, 34),
(526, 0, 14, 474.42, NULL, '2025-03-07 17:48:36', 1, 76),
(527, 0, 2.5, 32.74, NULL, '2025-03-07 17:49:33', 1, 31),
(528, 0, 4.75, 392.49, NULL, '2025-03-07 17:51:01', 1, 30),
(529, 0, 23, 478.74, NULL, '2025-03-07 17:51:01', 1, 32),
(530, 0, 13.7, 504.59, NULL, '2025-03-07 17:51:01', 1, 34),
(531, 0, 5, 183.64, NULL, '2025-03-07 17:51:01', 1, 64),
(532, 0, 1, 0, NULL, '2025-03-07 19:49:17', 1, 56),
(533, 0, 2, 2191.09, NULL, '2025-03-10 12:07:37', 1, 28),
(534, 0, 5, 387.49, NULL, '2025-03-10 12:07:37', 1, 30),
(535, 0, 7, 471.74, NULL, '2025-03-10 12:07:37', 1, 32),
(536, 0, 7, 497.59, NULL, '2025-03-10 12:07:37', 1, 34),
(537, 0, 2, 2189.09, NULL, '2025-03-10 15:46:18', 1, 28),
(538, 0, 5, 382.49, NULL, '2025-03-10 15:46:18', 1, 30),
(539, 0, 7, 464.74, NULL, '2025-03-10 15:46:18', 1, 32),
(540, 0, 7, 490.59, NULL, '2025-03-10 15:46:18', 1, 34),
(541, 0, 1, 2, NULL, '2025-03-10 15:47:40', 1, 41),
(542, 0, 1, 3, NULL, '2025-03-10 15:47:40', 1, 71),
(543, 0, 1, 0, NULL, '2025-03-10 15:47:40', 1, 53),
(544, 0, 0.4, 32.34, NULL, '2025-03-10 15:52:19', 1, 31),
(545, 0, 2, 1, NULL, '2025-03-10 15:52:19', 1, 71),
(546, 0, 1.4, 207.48, NULL, '2025-03-10 18:06:15', 1, 55),
(547, 0, 1, 35, NULL, '2025-03-10 18:06:15', 1, 39),
(548, 0, 55.8, 434.79, NULL, '2025-03-10 18:08:15', 1, 34),
(549, 0, 48, 426.42, NULL, '2025-03-10 18:08:15', 1, 76),
(550, 0, 12, 452.74, NULL, '2025-03-10 18:25:14', 1, 32),
(551, 509, 0, 943.79, '2025-03-10 18:25:14', NULL, 1, 34),
(552, 0, 1.84, 181.8, NULL, '2025-03-10 18:25:14', 1, 64),
(553, 437, 0, 863.42, '2025-03-10 18:25:14', NULL, 1, 76),
(554, 4, 0, 5, '2025-03-10 18:25:14', NULL, 1, 71),
(555, 1, 0, 1, '2025-03-10 18:25:14', NULL, 1, 53),
(556, 0, 4, 2185.09, NULL, '2025-03-11 14:47:02', 1, 28),
(557, 0, 32, 911.79, NULL, '2025-03-11 14:47:03', 1, 34),
(558, 0, 2, 4, NULL, '2025-03-11 14:47:03', 1, 48),
(559, 0, 2, 3, NULL, '2025-03-11 18:35:16', 1, 21),
(560, 0, 2, 6, NULL, '2025-03-11 18:35:16', 1, 22),
(561, 0, 2, 1, NULL, '2025-03-11 18:35:16', 1, 23),
(562, 0, 2, 5, NULL, '2025-03-11 18:35:16', 1, 24),
(563, 0, 23, 2162.09, NULL, '2025-03-11 18:36:01', 1, 28),
(564, 0, 3, 379.49, NULL, '2025-03-11 18:36:01', 1, 30),
(565, 0, 28, 835.42, NULL, '2025-03-11 18:36:01', 1, 76),
(566, 0, 3, 32, NULL, '2025-03-11 20:46:30', 1, 39),
(567, 0, 1, 12, NULL, '2025-03-12 12:38:00', 1, 14),
(568, 0, 1, 12, NULL, '2025-03-12 12:38:00', 1, 15),
(569, 0, 1.7, 377.79, NULL, '2025-03-12 12:38:00', 1, 30),
(570, 0, 14, 897.79, NULL, '2025-03-12 12:38:00', 1, 34),
(571, 0, 22, 813.42, NULL, '2025-03-12 12:38:00', 1, 76),
(572, 0, 3, 45, NULL, '2025-03-12 12:59:03', 1, 70),
(573, 0, 1, 0, NULL, '2025-03-12 13:19:33', 1, 53),
(574, 2, 0, 2, '2025-03-12 13:47:52', NULL, 1, 53),
(575, 0, 1, 3, NULL, '2025-03-12 16:08:08', 1, 16),
(576, 0, 6, 446.74, NULL, '2025-03-12 17:27:54', 1, 32),
(577, 0, 1, 2, NULL, '2025-03-12 17:27:54', 1, 42),
(578, 0, 123, 323.74, NULL, '2025-03-12 20:55:30', 1, 32),
(579, 0, 51, 762.42, NULL, '2025-03-12 20:55:30', 1, 76),
(580, 0, 1, 1, NULL, '2025-03-12 21:19:07', 1, 46),
(581, 0, 45, 2117.09, NULL, '2025-03-13 17:27:29', 1, 28),
(582, 0, 2, 321.74, NULL, '2025-03-13 17:27:29', 1, 32),
(583, 0, 21, 876.79, NULL, '2025-03-13 17:27:29', 1, 34),
(584, 0, 61, 701.42, NULL, '2025-03-13 17:27:30', 1, 76),
(585, 0, 10, 866.79, NULL, '2025-03-13 17:30:18', 1, 34),
(586, 0, 2, 0, NULL, '2025-03-13 19:25:23', 1, 41),
(587, 0, 1, 2, NULL, '2025-03-13 19:25:23', 1, 65),
(588, 3, 0, 3, '2025-03-13 19:25:55', NULL, 1, 41),
(589, 2, 0, 4, '2025-03-13 19:25:55', NULL, 1, 42),
(590, 2, 0, 3, '2025-03-13 19:25:55', NULL, 1, 74),
(591, 0, 5, 2112.09, NULL, '2025-03-13 20:20:10', 1, 28),
(592, 0, 22, 299.74, NULL, '2025-03-13 20:20:10', 1, 32),
(593, 0, 4, 862.79, NULL, '2025-03-13 20:20:11', 1, 34),
(594, 0, 8, 173.8, NULL, '2025-03-13 20:20:11', 1, 64),
(595, 0, 54, 647.42, NULL, '2025-03-13 20:20:11', 1, 76),
(596, 0, 5, 27, NULL, '2025-03-13 20:21:34', 1, 39),
(597, 0, 3, 296.74, NULL, '2025-03-13 21:29:46', 1, 32),
(598, 0, 8, 639.42, NULL, '2025-03-13 21:29:46', 1, 76),
(599, 0, 37, 2075.09, NULL, '2025-03-14 13:00:09', 1, 28),
(600, 0, 8, 854.79, NULL, '2025-03-14 13:00:09', 1, 34),
(601, 0, 35.6, 171.88, NULL, '2025-03-14 13:00:09', 1, 55),
(602, 0, 10, 844.79, NULL, '2025-03-14 14:12:56', 1, 34),
(603, 0, 4, 28.34, NULL, '2025-03-14 15:27:08', 1, 31),
(604, 0, 1, 2074.09, NULL, '2025-03-14 15:39:40', 1, 28),
(605, 0, 2, 637.42, NULL, '2025-03-14 15:39:40', 1, 76),
(606, 0, 1, 4, NULL, '2025-03-14 15:42:29', 1, 60),
(607, 0, 5, 166.88, NULL, '2025-03-14 18:31:23', 1, 55),
(608, 0, 47, 249.74, NULL, '2025-03-14 19:11:32', 1, 32),
(609, 0, 33, 811.79, NULL, '2025-03-14 19:11:32', 1, 34),
(610, 0, 2, 25, NULL, '2025-03-14 19:24:06', 1, 39),
(611, 0, 1, 11, NULL, '2025-03-14 19:29:15', 1, 15),
(612, 0, 1, 1, NULL, '2025-03-14 19:29:16', 1, 53),
(613, 0, 1, 39.7, NULL, '2025-03-14 20:37:00', 1, 27),
(614, 0, 1, 248.74, NULL, '2025-03-14 20:37:00', 1, 32),
(615, 0, 15, 796.79, NULL, '2025-03-14 20:37:00', 1, 34),
(616, 2, 0, 2, '2025-03-17 14:30:42', NULL, 1, 58),
(617, 3, 0, 3, '2025-03-17 14:30:42', NULL, 1, 69),
(618, 0, 1, 2, NULL, '2025-03-17 15:37:54', 1, 69),
(619, 0, 1.5, 2072.59, NULL, '2025-03-17 15:38:05', 1, 28),
(620, 0, 17, 360.79, NULL, '2025-03-17 15:38:05', 1, 30),
(621, 0, 1.92, 246.82, NULL, '2025-03-17 15:38:05', 1, 32),
(622, 0, 20, 776.79, NULL, '2025-03-17 15:38:05', 1, 34),
(623, 0, 3, 773.79, NULL, '2025-03-17 15:52:57', 1, 34),
(624, 0, 2, 1, NULL, '2025-03-17 17:33:29', 1, 40),
(625, 3, 0, 4, '2025-03-17 19:16:15', NULL, 1, 40),
(626, 0, 2, 23, NULL, '2025-03-17 19:16:35', 1, 39),
(627, 0, 13, 347.79, NULL, '2025-03-17 20:40:28', 1, 30),
(628, 0, 4, 242.82, NULL, '2025-03-17 20:40:28', 1, 32),
(629, 0, 7, 766.79, NULL, '2025-03-17 20:40:28', 1, 34),
(630, 0, 3.4, 170.4, NULL, '2025-03-17 20:40:28', 1, 64),
(631, 0, 31, 606.42, NULL, '2025-03-17 20:40:28', 1, 76),
(632, 50, 0, 73, '2025-03-17 20:40:28', NULL, 1, 39),
(633, 0, 1, 1, NULL, '2025-03-17 20:44:12', 1, 58),
(634, 0, 1, 3, NULL, '2025-03-18 14:05:36', 1, 60),
(635, 0, 8.52, 2064.07, NULL, '2025-03-18 14:05:55', 1, 28),
(636, 0, 4.6, 238.22, NULL, '2025-03-18 14:05:55', 1, 32),
(637, 0, 5.58, 761.21, NULL, '2025-03-18 14:05:55', 1, 34),
(638, 0, 7, 340.79, NULL, '2025-03-18 15:05:51', 1, 30),
(639, 0, 31, 730.21, NULL, '2025-03-18 15:05:51', 1, 34),
(640, 0, 15, 591.42, NULL, '2025-03-18 15:05:51', 1, 76),
(641, 0, 1, 72, NULL, '2025-03-18 20:23:30', 1, 39),
(642, 0, 2, 2062.07, NULL, '2025-03-18 20:23:57', 1, 28),
(643, 0, 4, 726.21, NULL, '2025-03-18 20:23:57', 1, 34),
(644, 0, 19, 2043.07, NULL, '2025-03-18 20:25:36', 1, 28),
(645, 0, 10, 330.79, NULL, '2025-03-18 20:25:36', 1, 30),
(646, 0, 19, 2024.07, NULL, '2025-03-18 21:13:07', 1, 28),
(647, 0, 10, 320.79, NULL, '2025-03-18 21:13:07', 1, 30),
(648, 0, 6, 232.22, NULL, '2025-03-18 21:13:07', 1, 32),
(649, 0, 21, 705.21, NULL, '2025-03-18 21:13:07', 1, 34),
(650, 0, 18, 573.42, NULL, '2025-03-18 21:13:08', 1, 76),
(651, 0, 1, 10, NULL, '2025-03-18 21:15:44', 1, 15),
(652, 0, 1, 4, NULL, '2025-03-19 14:09:15', 1, 71),
(653, 0, 2, 1, NULL, '2025-03-19 14:09:15', 1, 60),
(654, 0, 22, 683.21, NULL, '2025-03-19 14:10:31', 1, 34),
(655, 0, 1, 2, NULL, '2025-03-19 14:10:31', 1, 41),
(656, 0, 1, 1, NULL, '2025-03-19 14:10:31', 1, 44),
(657, 0, 2, 2, NULL, '2025-03-19 14:10:31', 1, 71),
(658, 0, 2, 2022.07, NULL, '2025-03-19 14:46:11', 1, 28),
(659, 0, 7.2, 225.02, NULL, '2025-03-19 14:46:11', 1, 32),
(660, 0, 4.4, 2017.67, NULL, '2025-03-19 19:17:23', 1, 28),
(661, 0, 4.7, 316.09, NULL, '2025-03-19 19:17:23', 1, 30),
(662, 0, 23, 202.02, NULL, '2025-03-19 19:17:23', 1, 32),
(663, 0, 1, 1, NULL, '2025-03-19 19:18:26', 1, 69),
(664, 436, 0, 1009.42, '2025-03-19 19:25:43', NULL, 1, 76),
(665, 3, 0, 5, '2025-03-19 19:25:43', NULL, 1, 41),
(666, 4, 0, 6, '2025-03-19 19:25:44', NULL, 1, 71),
(667, 2, 0, 2, '2025-03-19 19:25:44', NULL, 1, 75),
(668, 0, 4.7, 311.39, NULL, '2025-03-19 20:39:27', 1, 30),
(669, 0, 16, 993.42, NULL, '2025-03-19 20:39:27', 1, 76),
(670, 0, 21, 1996.67, NULL, '2025-03-20 19:06:18', 1, 28),
(671, 0, 12, 299.39, NULL, '2025-03-20 19:06:18', 1, 30),
(672, 0, 25, 177.02, NULL, '2025-03-20 19:06:18', 1, 32),
(673, 0, 3.63, 679.58, NULL, '2025-03-20 19:06:18', 1, 34),
(674, 0, 13, 32, NULL, '2025-03-20 19:06:18', 1, 70),
(675, 0, 72, 921.42, NULL, '2025-03-20 19:06:18', 1, 76),
(676, 4, 0, 5, '2025-03-20 19:06:18', NULL, 1, 53),
(677, 0, 1, 6, NULL, '2025-03-20 19:22:31', 1, 1),
(678, 0, 1, 9, NULL, '2025-03-20 19:22:31', 1, 15),
(679, 0, 1, 0, NULL, '2025-03-20 19:22:32', 1, 63),
(680, 0, 4, 68, NULL, '2025-03-20 19:32:21', 1, 39),
(681, 0, 11.41, 287.98, NULL, '2025-03-20 19:40:05', 1, 30),
(682, 0, 1, 176.02, NULL, '2025-03-20 19:40:05', 1, 32),
(683, 0, 0.23, 679.35, NULL, '2025-03-20 19:40:05', 1, 34),
(684, 0, 2.5, 1994.17, NULL, '2025-03-20 20:08:02', 1, 28),
(685, 0, 11.42, 276.56, NULL, '2025-03-20 20:08:02', 1, 30),
(686, 0, 12, 667.35, NULL, '2025-03-20 20:50:51', 1, 34),
(687, 0, 1, 8, NULL, '2025-03-21 13:35:07', 1, 13),
(688, 0, 1, 5, NULL, '2025-03-21 13:35:07', 1, 71),
(689, 0, 19, 902.42, NULL, '2025-03-21 13:35:33', 1, 76),
(690, 0, 5, 171.02, NULL, '2025-03-21 14:03:04', 1, 32),
(691, 0, 10, 657.35, NULL, '2025-03-21 14:03:04', 1, 34),
(692, 0, 10, 892.42, NULL, '2025-03-21 14:03:04', 1, 76),
(693, 0, 2.09, 26.25, NULL, '2025-03-21 14:49:28', 1, 31),
(694, 50, 0, 76.25, '2025-03-21 14:53:25', NULL, 1, 31),
(695, 0, 1, 656.35, NULL, '2025-03-21 16:06:44', 1, 34),
(696, 0, 46.2, 846.22, NULL, '2025-03-21 18:46:22', 1, 76),
(697, 0, 1, 4, NULL, '2025-03-21 20:58:40', 1, 71),
(698, 0, 10, 1984.17, NULL, '2025-03-21 20:58:57', 1, 28),
(699, 0, 4, 167.02, NULL, '2025-03-21 20:58:57', 1, 32),
(700, 0, 30, 816.22, NULL, '2025-03-21 20:58:57', 1, 76),
(701, 0, 3.6, 1980.57, NULL, '2025-03-21 22:02:13', 1, 28),
(702, 0, 0.32, 656.03, NULL, '2025-03-21 22:02:13', 1, 34),
(703, 0, 88, 1892.57, NULL, '2025-03-24 13:51:11', 1, 28),
(704, 0, 15.61, 640.42, NULL, '2025-03-24 13:51:11', 1, 34),
(705, 0, 7, 163.4, NULL, '2025-03-24 13:51:11', 1, 64),
(706, 0, 1, 1, NULL, '2025-03-24 14:09:09', 1, 26),
(707, 0, 1, 0, NULL, '2025-03-24 15:45:04', 1, 60),
(708, 20, 0, 20, '2025-03-24 15:45:18', NULL, 1, 60),
(709, 0, 8, 1884.57, NULL, '2025-03-24 15:45:34', 1, 28),
(710, 0, 0.7, 275.86, NULL, '2025-03-24 15:45:34', 1, 30),
(711, 0, 5, 162.02, NULL, '2025-03-24 15:45:34', 1, 32),
(712, 0, 84, 732.22, NULL, '2025-03-24 15:45:34', 1, 76),
(713, 0, 2, 1, NULL, '2025-03-24 18:40:56', 1, 21),
(714, 0, 2, 4, NULL, '2025-03-24 18:40:56', 1, 22),
(715, 0, 1, 0, NULL, '2025-03-24 18:40:56', 1, 23),
(716, 0, 2, 3, NULL, '2025-03-24 18:40:56', 1, 24),
(717, 0, 1, 3, NULL, '2025-03-24 18:40:56', 1, 40),
(718, 0, 10, 722.22, NULL, '2025-03-24 19:08:59', 1, 76),
(719, 0, 40, 1844.57, NULL, '2025-03-24 20:13:00', 1, 28),
(720, 0, 65, 575.42, NULL, '2025-03-24 20:13:00', 1, 34),
(721, 0, 14.64, 707.58, NULL, '2025-03-24 20:13:00', 1, 76),
(722, 0, 8, 1836.57, NULL, '2025-03-24 20:44:10', 1, 28),
(723, 0, 5, 63, NULL, '2025-03-24 20:47:51', 1, 39),
(724, 0, 1, 3, NULL, '2025-03-24 20:47:52', 1, 71),
(725, 0, 5, 71.25, NULL, '2025-03-25 12:21:55', 1, 31),
(726, 0, 1, 62, NULL, '2025-03-25 12:51:57', 1, 39),
(727, 0, 30, 1806.57, NULL, '2025-03-25 13:48:37', 1, 28),
(728, 0, 139, 136.86, NULL, '2025-03-25 13:48:37', 1, 30),
(729, 0, 52, 655.58, NULL, '2025-03-25 13:48:37', 1, 76),
(730, 0, 1, 3, NULL, '2025-03-25 15:44:25', 1, 2),
(731, 0, 1, 5, NULL, '2025-03-25 15:44:25', 1, 4),
(732, 0, 1, 3, NULL, '2025-03-25 15:44:26', 1, 42),
(733, 0, 1, 2, NULL, '2025-03-25 15:44:26', 1, 71),
(734, 0, 1, 2, NULL, '2025-03-25 15:44:26', 1, 67),
(735, 100, 0, 263.4, '2025-03-25 19:10:20', NULL, 1, 64),
(736, 5, 0, 7, '2025-03-25 19:10:20', NULL, 1, 71),
(737, 0, 19, 1787.57, NULL, '2025-03-25 19:11:55', 1, 28),
(738, 0, 1, 161.02, NULL, '2025-03-25 19:11:55', 1, 32),
(739, 0, 30, 625.58, NULL, '2025-03-25 19:11:55', 1, 76),
(740, 0, 1, 0, NULL, '2025-03-26 12:57:04', 1, 69),
(741, 0, 2, 18, NULL, '2025-03-26 13:00:34', 1, 60),
(742, 0, 1, 4, NULL, '2025-03-26 13:15:25', 1, 41),
(743, 128, 0, 264.86, '2025-03-26 13:25:41', NULL, 1, 30),
(744, 3, 0, 3, '2025-03-26 13:25:41', NULL, 1, 63),
(745, 0, 6, 1781.57, NULL, '2025-03-26 14:22:27', 1, 28),
(746, 0, 1, 574.42, NULL, '2025-03-26 14:22:27', 1, 34),
(747, 0, 5, 13, NULL, '2025-03-26 15:29:34', 1, 60),
(748, 0, 1, 6, NULL, '2025-03-26 15:42:15', 1, 71),
(749, 19, 0, 20, '2025-03-26 16:22:50', NULL, 1, 21),
(750, 17, 0, 21, '2025-03-26 16:22:50', NULL, 1, 22),
(751, 21, 0, 21, '2025-03-26 16:22:50', NULL, 1, 23),
(752, 18, 0, 21, '2025-03-26 16:22:50', NULL, 1, 24),
(753, 0, 1, 2, NULL, '2025-03-26 16:22:51', 1, 42),
(754, 0, 1, 5, NULL, '2025-03-26 16:22:51', 1, 71),
(755, 0, 1, 2, NULL, '2025-03-26 16:22:51', 1, 63),
(756, 0, 8, 617.58, NULL, '2025-03-26 19:04:40', 1, 76),
(757, 0, 1, 4, NULL, '2025-03-26 19:04:40', 1, 53),
(758, 0, 3, 260.4, NULL, '2025-03-26 19:43:59', 1, 64),
(759, 0, 1, 20, NULL, '2025-03-27 18:53:40', 1, 23),
(760, 0, 12, 1769.57, NULL, '2025-03-27 18:53:40', 1, 28),
(761, 0, 10.6, 563.82, NULL, '2025-03-27 18:53:41', 1, 34),
(762, 0, 134, 483.58, NULL, '2025-03-27 18:53:41', 1, 76),
(763, 0, 120, 144.86, NULL, '2025-03-27 19:54:27', 1, 30),
(764, 0, 1, 160.02, NULL, '2025-03-27 20:38:33', 1, 32),
(765, 0, 17, 546.82, NULL, '2025-03-27 20:38:33', 1, 34),
(766, 0, 28.1, 455.48, NULL, '2025-03-27 20:38:34', 1, 76),
(767, 0, 4, 1765.57, NULL, '2025-03-28 12:53:13', 1, 28),
(768, 0, 1, 545.82, NULL, '2025-03-28 12:53:13', 1, 34),
(769, 0, 42, 413.48, NULL, '2025-03-28 12:53:13', 1, 76),
(770, 0, 3, 1762.57, NULL, '2025-03-28 20:41:48', 1, 28),
(771, 0, 6, 539.82, NULL, '2025-03-28 20:41:48', 1, 34),
(772, 0, 5, 139.86, NULL, '2025-03-28 20:54:23', 1, 30),
(773, 0, 16, 397.48, NULL, '2025-03-28 20:54:23', 1, 76),
(774, 0, 1, 1, NULL, '2025-03-31 13:01:28', 1, 42),
(775, 0, 1, 4, NULL, '2025-03-31 13:01:28', 1, 71),
(776, 0, 1, 3, NULL, '2025-03-31 13:56:13', 1, 41),
(777, 0, 2, 60, NULL, '2025-03-31 13:56:35', 1, 39),
(778, 0, 1, 2, NULL, '2025-03-31 13:56:35', 1, 40),
(779, 0, 4.7, 135.16, NULL, '2025-03-31 14:02:28', 1, 30),
(780, 0, 6, 154.02, NULL, '2025-03-31 14:02:28', 1, 32),
(781, 0, 1, 29, NULL, '2025-03-31 14:02:28', 1, 68),
(782, 0, 58, 339.48, NULL, '2025-03-31 14:02:28', 1, 76),
(783, 0, 1, 3, NULL, '2025-03-31 15:47:14', 1, 3),
(784, 0, 65.3, 1697.27, NULL, '2025-03-31 15:50:30', 1, 28),
(785, 0, 22, 113.16, NULL, '2025-03-31 15:50:30', 1, 30),
(786, 0, 13, 141.02, NULL, '2025-03-31 15:50:30', 1, 32),
(787, 0, 13, 526.82, NULL, '2025-03-31 15:50:30', 1, 34),
(788, 0, 0.6, 259.8, NULL, '2025-03-31 15:50:30', 1, 64),
(789, 0, 14, 325.48, NULL, '2025-03-31 15:50:30', 1, 76),
(790, 0, 1, 2, NULL, '2025-03-31 15:50:30', 1, 74),
(791, 0, 1, 3, NULL, '2025-04-01 13:00:50', 1, 53),
(792, 0, 50, 275.48, NULL, '2025-04-01 14:08:41', 1, 76),
(793, 2, 0, 3, '2025-04-01 14:08:41', NULL, 1, 42),
(794, 2, 0, 3, '2025-04-01 14:08:41', NULL, 1, 45),
(795, 515.73, 0, 791.21, '2025-04-01 14:12:44', NULL, 1, 76),
(796, 0, 9, 104.16, NULL, '2025-04-01 14:15:43', 1, 30),
(797, 0, 6.26, 520.56, NULL, '2025-04-01 14:15:43', 1, 34),
(798, 0, 1, 0, NULL, '2025-04-01 14:58:14', 1, 72),
(799, 0, 25, 116.02, NULL, '2025-04-01 16:09:45', 1, 32),
(800, 0, 12, 92.16, NULL, '2025-04-01 18:22:42', 1, 30),
(801, 0, 4.68, 111.34, NULL, '2025-04-01 18:22:42', 1, 32),
(802, 0, 10.3, 249.5, NULL, '2025-04-01 18:24:14', 1, 64),
(803, 0, 10, 1687.27, NULL, '2025-04-01 18:57:52', 1, 28),
(804, 0, 9, 83.16, NULL, '2025-04-01 18:57:52', 1, 30),
(805, 0, 22, 769.21, NULL, '2025-04-01 18:57:52', 1, 76),
(806, 0, 1, 12, NULL, '2025-04-01 19:56:08', 1, 60),
(807, 0, 9, 51, NULL, '2025-04-01 20:07:24', 1, 39),
(808, 0, 2, 18, NULL, '2025-04-02 14:45:44', 1, 21),
(809, 0, 2, 19, NULL, '2025-04-02 14:45:44', 1, 22),
(810, 0, 2, 18, NULL, '2025-04-02 14:45:44', 1, 23),
(811, 0, 2, 19, NULL, '2025-04-02 14:45:44', 1, 24),
(812, 2, 0, 3, '2025-04-02 14:46:18', NULL, 1, 58),
(813, 3, 0, 3, '2025-04-02 14:46:18', NULL, 1, 69),
(814, 350, 0, 461.34, '2025-04-02 15:23:41', NULL, 1, 32),
(815, 509, 0, 538.8, '2025-04-02 15:23:41', NULL, 1, 36),
(816, 0, 139, 322.34, NULL, '2025-04-02 18:31:17', 1, 32),
(817, 0, 3, 1684.27, NULL, '2025-04-02 18:32:03', 1, 28),
(818, 0, 6.58, 76.58, NULL, '2025-04-02 18:32:03', 1, 30),
(819, 0, 39.1, 481.46, NULL, '2025-04-02 18:32:03', 1, 34),
(820, 0, 1, 248.5, NULL, '2025-04-02 18:32:03', 1, 64),
(821, 0, 60, 709.21, NULL, '2025-04-02 18:32:03', 1, 76),
(822, 0, 2, 49, NULL, '2025-04-02 18:32:03', 1, 39),
(823, 0, 4, 244.5, NULL, '2025-04-02 18:41:50', 1, 64),
(824, 0, 6, 316.34, NULL, '2025-04-03 17:43:56', 1, 32),
(825, 0, 306, 232.8, NULL, '2025-04-03 17:43:56', 1, 36),
(826, 0, 121, 588.21, NULL, '2025-04-03 17:43:56', 1, 76),
(827, 5, 0, 7, '2025-04-03 17:43:56', NULL, 1, 65),
(828, 2, 0, 6, '2025-04-03 17:43:56', NULL, 1, 71),
(829, 0, 2, 1, NULL, '2025-04-03 17:43:57', 1, 69),
(830, 0, 2, 7, NULL, '2025-04-03 19:07:43', 1, 15),
(831, 0, 40, 441.46, NULL, '2025-04-03 19:08:09', 1, 34),
(832, 0, 2, 586.21, NULL, '2025-04-03 19:08:09', 1, 76),
(833, 0, 4, 3, NULL, '2025-04-03 19:39:58', 1, 65),
(834, 0, 4, 228.8, NULL, '2025-04-04 12:28:31', 1, 36),
(835, 0, 0.6, 243.9, NULL, '2025-04-04 12:28:31', 1, 64),
(836, 0, 4, 1680.27, NULL, '2025-04-04 13:24:29', 1, 28),
(837, 0, 3.9, 72.68, NULL, '2025-04-04 13:24:29', 1, 30),
(838, 0, 12.48, 428.98, NULL, '2025-04-04 13:24:29', 1, 34),
(839, 0, 22, 294.34, NULL, '2025-04-04 14:42:21', 1, 32),
(840, 0, 12, 416.98, NULL, '2025-04-04 14:42:21', 1, 34),
(841, 0, 1, 5, NULL, '2025-04-04 17:39:00', 1, 71),
(842, 0, 3, 2, NULL, '2025-04-04 17:39:18', 1, 71),
(843, 0, 147, 269.98, NULL, '2025-04-04 18:44:21', 1, 34),
(844, 0, 14.05, 572.16, NULL, '2025-04-04 18:44:21', 1, 76),
(845, 0, 2, 16, NULL, '2025-04-04 19:20:59', 1, 23),
(846, 0, 1.5, 1678.77, NULL, '2025-04-04 20:08:04', 1, 28),
(847, 0, 51.25, 218.73, NULL, '2025-04-04 20:08:04', 1, 34),
(848, 0, 12, 206.73, NULL, '2025-04-07 12:54:49', 1, 34),
(849, 0, 1, 8, NULL, '2025-04-07 14:12:49', 1, 11),
(850, 0, 2, 8, NULL, '2025-04-07 14:12:49', 1, 12),
(851, 0, 1, 7, NULL, '2025-04-07 14:12:49', 1, 13),
(852, 0, 1, 11, NULL, '2025-04-07 14:12:49', 1, 14),
(853, 0, 1, 6, NULL, '2025-04-07 14:12:49', 1, 15),
(854, 0, 1, 2, NULL, '2025-04-07 14:13:52', 1, 2),
(855, 0, 1, 2, NULL, '2025-04-07 14:13:52', 1, 3),
(856, 0, 50, 156.73, NULL, '2025-04-07 14:14:34', 1, 34),
(857, 0, 1, 1, NULL, '2025-04-07 14:14:35', 1, 71),
(858, 888, 0, 1044.73, '2025-04-07 15:49:10', NULL, 1, 34),
(859, 0, 4, 162.88, NULL, '2025-04-07 15:49:10', 1, 55),
(860, 0, 2, 1, NULL, '2025-04-07 15:49:10', 1, 41),
(861, 0, 1, 2, NULL, '2025-04-07 15:49:10', 1, 65),
(862, 5, 0, 6, '2025-04-07 15:49:10', NULL, 1, 71),
(863, 0, 1, 0, NULL, '2025-04-07 15:49:10', 1, 50),
(864, 3, 0, 4, '2025-04-07 15:51:37', NULL, 1, 41),
(865, 0, 1, 1, NULL, '2025-04-07 15:51:37', 1, 74),
(866, 2, 0, 2, '2025-04-07 15:51:37', NULL, 1, 50),
(867, 0, 2, 1, NULL, '2025-04-07 15:53:19', 1, 42),
(868, 3, 0, 4, '2025-04-07 17:11:00', NULL, 1, 42),
(869, 0, 100, 944.73, NULL, '2025-04-07 18:19:19', 1, 34),
(870, 0, 1, 571.16, NULL, '2025-04-07 18:19:20', 1, 76),
(871, 0, 1, 2, NULL, '2025-04-07 19:25:09', 1, 58),
(872, 0, 1, 2, NULL, '2025-04-07 19:25:23', 1, 53),
(873, 0, 61, 1617.77, NULL, '2025-04-08 14:56:51', 1, 28),
(874, 0, 10, 62.68, NULL, '2025-04-08 14:56:51', 1, 30),
(875, 0, 62, 882.73, NULL, '2025-04-08 14:56:51', 1, 34),
(876, 0, 36, 164.08, NULL, '2025-04-08 14:56:51', 1, 35),
(877, 0, 7, 221.8, NULL, '2025-04-08 14:56:51', 1, 36),
(878, 0, 47, 524.16, NULL, '2025-04-08 14:56:51', 1, 76),
(879, 175, 0, 237.68, '2025-04-08 15:01:20', NULL, 1, 30),
(880, 0, 11, 871.73, NULL, '2025-04-08 15:06:04', 1, 34),
(881, 0, 4, 867.73, NULL, '2025-04-08 15:18:02', 1, 34),
(882, 0, 13, 281.34, NULL, '2025-04-08 15:56:40', 1, 32),
(883, 0, 1, 523.16, NULL, '2025-04-08 15:56:41', 1, 76),
(884, 0, 5, 159.08, NULL, '2025-04-08 17:28:53', 1, 35),
(885, 0, 2, 1615.77, NULL, '2025-04-08 18:07:12', 1, 28),
(886, 0, 17.4, 850.33, NULL, '2025-04-08 18:07:12', 1, 34),
(887, 0, 146, 377.16, NULL, '2025-04-08 18:07:12', 1, 76),
(888, 0, 117, 104.8, NULL, '2025-04-08 19:59:29', 1, 36),
(889, 0, 1, 5, NULL, '2025-04-09 13:25:06', 1, 71),
(890, 0, 10, 1605.77, NULL, '2025-04-09 13:28:49', 1, 28),
(891, 0, 25, 79.8, NULL, '2025-04-09 14:00:26', 1, 36),
(892, 0, 38, 812.33, NULL, '2025-04-09 14:16:47', 1, 34),
(893, 0, 15, 266.34, NULL, '2025-04-09 14:21:59', 1, 32),
(894, 0, 24, 788.33, NULL, '2025-04-09 14:21:59', 1, 34),
(895, 0, 4, 75.8, NULL, '2025-04-09 14:21:59', 1, 36),
(896, 0, 15, 14, NULL, '2025-04-09 14:21:59', 1, 68),
(897, 0, 206, 171.16, NULL, '2025-04-09 14:21:59', 1, 76),
(898, 0, 12, 1593.77, NULL, '2025-04-09 16:25:34', 1, 28),
(899, 0, 4, 262.34, NULL, '2025-04-09 16:25:34', 1, 32),
(900, 0, 1, 18, NULL, '2025-04-09 17:37:27', 1, 24),
(901, 0, 15, 34, NULL, '2025-04-09 17:37:27', 1, 39),
(902, 120, 0, 279.08, '2025-04-09 18:12:13', NULL, 1, 35),
(903, 599, 0, 770.16, '2025-04-09 18:12:13', NULL, 1, 76),
(904, 0, 211, 68.08, NULL, '2025-04-09 19:54:49', 1, 35),
(905, 0, 15, 755.16, NULL, '2025-04-09 19:59:25', 1, 76),
(906, 0, 6, 1587.77, NULL, '2025-04-10 16:32:32', 1, 28),
(907, 0, 14, 223.68, NULL, '2025-04-10 16:32:32', 1, 30),
(908, 0, 5, 783.33, NULL, '2025-04-10 16:32:32', 1, 34),
(909, 0, 8, 92, NULL, '2025-04-10 16:32:32', 1, 38),
(910, 0, 33, 722.16, NULL, '2025-04-10 16:33:57', 1, 76),
(911, 0, 3, 259.34, NULL, '2025-04-10 17:07:43', 1, 32),
(912, 0, 22, 761.33, NULL, '2025-04-10 17:07:43', 1, 34),
(913, 0, 4, 64.08, NULL, '2025-04-10 17:07:43', 1, 35),
(914, 0, 33, 42.8, NULL, '2025-04-10 17:07:43', 1, 36),
(915, 0, 185, 537.16, NULL, '2025-04-10 17:07:43', 1, 76),
(916, 0, 51, 172.68, NULL, '2025-04-10 19:07:11', 1, 30),
(917, 0, 3, 256.34, NULL, '2025-04-10 19:07:11', 1, 32),
(918, 0, 8, 753.33, NULL, '2025-04-10 19:07:11', 1, 34),
(919, 0, 72, 465.16, NULL, '2025-04-10 19:07:12', 1, 76),
(920, 0, 2, 16, NULL, '2025-04-10 20:45:31', 1, 21),
(921, 0, 2, 17, NULL, '2025-04-10 20:45:31', 1, 22),
(922, 0, 2, 14, NULL, '2025-04-10 20:45:31', 1, 23),
(923, 0, 1, 17, NULL, '2025-04-10 20:45:31', 1, 24),
(924, 0, 37, 428.16, NULL, '2025-04-10 20:52:12', 1, 76),
(925, 0, 6, 1581.77, NULL, '2025-04-11 13:14:46', 1, 28),
(926, 0, 14, 739.33, NULL, '2025-04-11 13:14:46', 1, 34),
(927, 0, 1, 13, NULL, '2025-04-11 13:14:46', 1, 68),
(928, 0, 2, 15, NULL, '2025-04-11 14:45:06', 1, 24),
(929, 0, 13, 415.16, NULL, '2025-04-11 14:45:06', 1, 76),
(930, 0, 1, 0, NULL, '2025-04-11 15:04:25', 1, 69),
(931, 0, 28, 228.34, NULL, '2025-04-11 15:28:28', 1, 32),
(932, 0, 141, 598.33, NULL, '2025-04-11 15:28:28', 1, 34),
(933, 0, 10, 588.33, NULL, '2025-04-11 18:07:25', 1, 34),
(934, 300, 0, 715.16, '2025-04-11 18:07:25', NULL, 1, 76),
(935, 0, 7, 57.08, NULL, '2025-04-11 18:08:27', 1, 35),
(936, 0, 6, 237.9, NULL, '2025-04-11 18:08:27', 1, 64),
(937, 0, 7, 165.68, NULL, '2025-04-11 20:04:05', 1, 30),
(938, 0, 360, 228.33, NULL, '2025-04-11 20:04:05', 1, 34),
(939, 0, 10, 705.16, NULL, '2025-04-11 20:04:05', 1, 76),
(940, 0, 15, 19, NULL, '2025-04-11 21:07:25', 1, 39);
INSERT INTO `movimientos` (`id`, `entradas`, `salidas`, `stock_actual`, `fecha_entrada`, `fecha_salida`, `status`, `id_producto`) VALUES
(941, 0, 10, 61.25, NULL, '2025-04-11 21:15:51', 1, 31),
(942, 0, 9, 1572.77, NULL, '2025-04-14 14:45:38', 1, 28),
(943, 0, 5, 160.68, NULL, '2025-04-14 14:45:38', 1, 30),
(944, 0, 53, 175.34, NULL, '2025-04-14 14:45:38', 1, 32),
(945, 0, 87, 141.33, NULL, '2025-04-14 14:45:38', 1, 34),
(946, 0, 65, 110.34, NULL, '2025-04-14 15:32:04', 1, 32),
(947, 0, 4, 137.33, NULL, '2025-04-14 15:32:04', 1, 34),
(948, 0, 2, 2, NULL, '2025-04-15 12:34:43', 1, 41),
(949, 0, 1, 1, NULL, '2025-04-15 12:34:43', 1, 65),
(950, 0, 4, 1, NULL, '2025-04-15 12:34:43', 1, 71),
(951, 0, 1, 1, NULL, '2025-04-15 12:34:43', 1, 75),
(952, 0, 1, 1, NULL, '2025-04-15 12:34:43', 1, 78),
(953, 0, 1, 0, NULL, '2025-04-15 14:11:20', 1, 66),
(954, 0, 1, 6, NULL, '2025-04-15 14:15:12', 1, 13),
(955, 0, 1, 10, NULL, '2025-04-15 14:15:12', 1, 14),
(956, 0, 1, 5, NULL, '2025-04-15 14:15:12', 1, 15),
(957, 0, 1, 13, NULL, '2025-04-15 14:22:27', 1, 23),
(958, 0, 1, 14, NULL, '2025-04-15 14:22:27', 1, 24),
(959, 0, 12, 98.34, NULL, '2025-04-15 14:38:39', 1, 32),
(960, 0, 61, 76.33, NULL, '2025-04-15 14:38:39', 1, 34),
(961, 0, 14.6, 690.56, NULL, '2025-04-15 14:38:39', 1, 76),
(962, 0, 2, 14, NULL, '2025-04-15 15:21:23', 1, 21),
(963, 0, 2, 15, NULL, '2025-04-15 15:21:23', 1, 22),
(964, 0, 2, 11, NULL, '2025-04-15 15:21:23', 1, 23),
(965, 0, 2, 12, NULL, '2025-04-15 15:21:23', 1, 24),
(966, 0, 9, 10, NULL, '2025-04-15 15:21:24', 1, 39),
(967, 700, 0, 776.33, '2025-04-15 18:36:35', NULL, 1, 34),
(968, 0, 1, 0, NULL, '2025-04-15 18:36:35', 1, 71),
(969, 5, 0, 5, '2025-04-15 18:50:17', NULL, 1, 71),
(970, 0, 4, 233.9, NULL, '2025-04-15 18:50:29', 1, 64),
(971, 0, 42, 648.56, NULL, '2025-04-15 18:52:07', 1, 76),
(972, 0, 10, 1562.77, NULL, '2025-04-15 18:59:41', 1, 28),
(973, 0, 3, 773.33, NULL, '2025-04-15 18:59:41', 1, 34),
(974, 0, 23, 625.56, NULL, '2025-04-15 18:59:41', 1, 76),
(975, 0, 1, 11, NULL, '2025-04-15 19:41:51', 1, 60),
(976, 0, 1, 1, NULL, '2025-04-16 12:29:28', 1, 53),
(977, 0, 7, 153.68, NULL, '2025-04-16 14:23:20', 1, 30),
(978, 0, 5, 93.34, NULL, '2025-04-16 14:23:20', 1, 32),
(979, 0, 15, 610.56, NULL, '2025-04-16 14:23:20', 1, 76),
(980, 0, 13, 149.88, NULL, '2025-04-16 14:23:50', 1, 55),
(981, 0, 1, 609.56, NULL, '2025-04-16 14:23:50', 1, 76),
(982, 0, 16.25, 137.43, NULL, '2025-04-17 13:27:22', 1, 30),
(983, 0, 17, 120.43, NULL, '2025-04-17 13:30:44', 1, 30),
(984, 0, 10, 763.33, NULL, '2025-04-17 13:30:44', 1, 34),
(985, 0, 46, 563.56, NULL, '2025-04-17 13:30:44', 1, 76),
(986, 0, 9, 2, NULL, '2025-04-17 13:30:44', 1, 60),
(987, 0, 24, 739.33, NULL, '2025-04-17 13:32:17', 1, 34),
(988, 0, 1, 562.56, NULL, '2025-04-17 13:32:17', 1, 76),
(989, 0, 58, 35.34, NULL, '2025-04-18 13:26:28', 1, 32),
(990, 0, 300, 262.56, NULL, '2025-04-18 13:26:28', 1, 76),
(991, 1, 0, 2, '2025-04-18 13:29:47', NULL, 1, 65),
(992, 0, 1, 2, NULL, '2025-04-18 13:29:47', 1, 73),
(993, 1, 0, 2, '2025-04-18 13:29:47', NULL, 1, 78),
(994, 1, 0, 5, '2025-04-18 13:29:47', NULL, 1, 48),
(995, 0, 1, 0, NULL, '2025-04-18 13:29:47', 1, 51),
(996, 0, 2, 0, NULL, '2025-04-18 13:29:47', 1, 54),
(997, 0, 2, 0, NULL, '2025-04-18 13:29:47', 1, 63),
(998, 1, 0, 3, '2025-04-18 13:29:47', NULL, 1, 67),
(999, 0, 1, 4, NULL, '2025-04-21 17:53:36', 1, 15),
(1000, 0, 1, 9, NULL, '2025-04-21 17:53:36', 1, 39),
(1001, 50, 0, 59, '2025-04-21 17:57:53', NULL, 1, 39),
(1002, 2, 0, 4, '2025-04-21 17:57:53', NULL, 1, 41),
(1003, 2, 0, 4, '2025-04-21 17:57:53', NULL, 1, 65),
(1004, 3, 0, 4, '2025-04-21 17:57:53', NULL, 1, 52),
(1005, 3, 0, 4, '2025-04-21 17:57:53', NULL, 1, 53),
(1006, 2, 0, 2, '2025-04-21 17:57:53', NULL, 1, 54),
(1007, 2, 0, 2, '2025-04-21 17:57:53', NULL, 1, 63),
(1008, 3, 0, 5, '2025-04-21 17:57:53', NULL, 1, 60),
(1009, 0, 1, 4, NULL, '2025-04-21 18:05:10', 1, 60),
(1010, 0, 19, 1543.77, NULL, '2025-04-21 18:46:21', 1, 28),
(1011, 0, 4, 735.33, NULL, '2025-04-21 18:46:21', 1, 34),
(1012, 0, 14, 248.56, NULL, '2025-04-21 18:46:21', 1, 76),
(1013, 0, 27, 8.34, NULL, '2025-04-21 18:48:01', 1, 32),
(1014, 0, 4, 731.33, NULL, '2025-04-21 18:48:01', 1, 34),
(1015, 0, 21, 227.56, NULL, '2025-04-21 18:48:01', 1, 76),
(1016, 0, 11, 720.33, NULL, '2025-04-22 13:02:51', 1, 34),
(1017, 0, 14, 135.88, NULL, '2025-04-22 13:02:51', 1, 55),
(1018, 0, 3, 56, NULL, '2025-04-22 13:02:51', 1, 39),
(1019, 0, 1, 3, NULL, '2025-04-22 13:16:07', 1, 60),
(1020, 0, 1, 2, NULL, '2025-04-22 13:40:27', 1, 60),
(1021, 0, 1, 1, NULL, '2025-04-22 13:42:34', 1, 60),
(1022, 0, 6, 714.33, NULL, '2025-04-22 13:43:10', 1, 34),
(1023, 0, 1, 3, NULL, '2025-04-22 14:32:17', 1, 53);

-- --------------------------------------------------------

--
-- Estructura de tabla para la tabla `productos`
--

CREATE TABLE `productos` (
  `id` int(11) NOT NULL,
  `producto` varchar(250) DEFAULT NULL,
  `status` tinyint(4) DEFAULT 1,
  `entradas` double DEFAULT 0,
  `salidas` double DEFAULT 0,
  `stock_actual` double DEFAULT NULL,
  `fecha_creacion` timestamp NOT NULL DEFAULT current_timestamp(),
  `fecha_modificacion` timestamp NOT NULL DEFAULT current_timestamp(),
  `stock_minimo` double DEFAULT NULL,
  `tipo_de_unidad` varchar(100) DEFAULT NULL,
  `id_sub_categoria` int(11) NOT NULL,
  `id_categoria` int(11) NOT NULL
) ENGINE=InnoDB DEFAULT CHARSET=latin1 COLLATE=latin1_swedish_ci;

--
-- Volcado de datos para la tabla `productos`
--

INSERT INTO `productos` (`id`, `producto`, `status`, `entradas`, `salidas`, `stock_actual`, `fecha_creacion`, `fecha_modificacion`, `stock_minimo`, `tipo_de_unidad`, `id_sub_categoria`, `id_categoria`) VALUES
(1, 'Negro', 1, 0, 1, 7, '2025-01-09 09:22:54', '2025-03-20 19:22:31', 2, 'unidades', 1, 1),
(2, 'Yellow', 1, 0, 1, 2, '2025-01-09 09:23:27', '2025-04-07 14:13:52', 2, 'unidades', 1, 1),
(3, 'Magenta', 1, 0, 1, 2, '2025-01-09 09:23:40', '2025-04-07 14:13:52', 2, 'unidades', 1, 1),
(4, 'Cyan (azul)', 1, 0, 1, 5, '2025-01-09 09:23:55', '2025-03-25 15:44:25', 2, 'unidades', 1, 1),
(5, 'Negro', 1, 12, 0, 17, '2025-01-09 09:24:45', '2025-03-06 18:52:22', 5, 'unidades', 2, 1),
(6, 'Yellow', 1, 14, 0, 14, '2025-01-09 09:25:03', '2025-03-06 18:52:22', 5, 'unidades', 2, 1),
(7, 'Magenta', 1, 0, 4, 20, '2025-01-09 09:25:22', '2025-02-18 13:59:46', 5, 'unidades', 2, 1),
(8, 'Cyan (azul)', 1, 18, 0, 18, '2025-01-09 09:25:43', '2025-03-06 18:52:22', 5, 'unidades', 2, 1),
(9, 'FP', 1, 0, 0, 2, '2025-01-09 09:26:02', '2025-01-09 09:26:02', 1, 'unidades', 2, 1),
(10, 'FY', 1, 0, 0, 3, '2025-01-09 09:26:18', '2025-01-09 09:26:18', 1, 'unidades', 2, 1),
(11, 'Negro', 1, 0, 1, 8, '2025-01-09 09:27:14', '2025-04-07 14:12:49', 4, 'unidades', 3, 1),
(12, 'Yellow', 1, 0, 2, 8, '2025-01-09 09:27:35', '2025-04-07 14:12:49', 4, 'unidades', 3, 1),
(13, 'Magenta', 1, 0, 1, 6, '2025-01-09 09:28:05', '2025-04-15 14:15:12', 4, 'unidades', 3, 1),
(14, 'Cyan (azul)', 1, 0, 1, 10, '2025-01-09 09:28:24', '2025-04-15 14:15:12', 4, 'unidades', 3, 1),
(15, 'Blanco (2)', 1, 0, 1, 4, '2025-01-09 09:28:56', '2025-04-21 17:53:36', 10, 'unidades', 3, 1),
(16, 'No color', 1, 0, 1, 3, '2025-01-09 09:29:18', '2025-03-12 16:08:08', 2, 'unidades', 3, 1),
(17, 'Negro', 1, 0, 0, 33, '2025-01-09 09:30:39', '2025-01-09 09:30:39', 5, 'unidades', 4, 1),
(18, 'Yellow', 1, 0, 0, 25, '2025-01-09 09:31:05', '2025-01-09 09:31:05', 5, 'unidades', 4, 1),
(19, 'Magenta', 1, 0, 0, 29, '2025-01-09 09:31:24', '2025-01-09 09:31:24', 5, 'unidades', 4, 1),
(20, 'Cyan (azul)', 1, 0, 0, 29, '2025-01-09 09:31:44', '2025-01-09 09:31:44', 5, 'unidades', 4, 1),
(21, 'Yellow', 1, 0, 2, 14, '2025-01-09 09:33:43', '2025-04-15 15:21:23', 10, 'unidades', 5, 1),
(22, 'Magenta', 1, 0, 2, 15, '2025-01-09 09:34:37', '2025-04-15 15:21:23', 10, 'unidades', 5, 1),
(23, 'Cyan (azul)', 1, 0, 2, 11, '2025-01-09 09:34:55', '2025-04-15 15:21:23', 10, 'unidades', 5, 1),
(24, 'Negro', 1, 0, 2, 12, '2025-01-09 09:35:15', '2025-04-15 15:21:23', 10, 'unidades', 5, 1),
(25, 'GOLF ESCOCIA', 1, 0, 0, 2, '2025-01-09 09:39:39', '2025-01-09 09:39:39', 1, 'rollos', 6, 2),
(26, 'DRY FIT', 1, 0, 1, 1, '2025-01-09 09:40:27', '2025-03-24 14:09:09', 1, 'rollos', 6, 2),
(27, 'FLY BANNER BRILLANTE', 1, 0, 1, 39.7, '2025-01-09 09:41:27', '2025-03-14 20:37:00', 50, 'metros', 6, 2),
(28, 'FLY BANNER', 1, 0, 19, 1543.77, '2025-01-09 09:42:04', '2025-04-21 18:46:21', 300, 'metros', 6, 2),
(29, 'RUNNING', 1, 0, 0, 1, '2025-01-09 09:45:11', '2025-01-09 09:45:11', 1, 'rollos', 6, 2),
(30, 'MICRO FIBRA ACUALITI (LICRA)', 1, 0, 17, 120.43, '2025-01-09 09:49:58', '2025-04-17 13:30:44', 50, 'metros', 6, 2),
(31, 'MICROFIBRA', 1, 0, 10, 61.25, '2025-01-09 09:51:13', '2025-04-11 21:15:51', 50, 'metros', 6, 2),
(32, 'MINIMAT', 1, 0, 27, 8.34, '2025-01-09 09:51:41', '2025-04-21 18:48:01', 50, 'metros', 6, 2),
(33, 'OXFORD 300', 1, 0, 4.3, 15, '2025-01-09 09:52:07', '2025-02-07 17:00:57', 100, 'metros', 6, 2),
(34, 'OXFORD 420', 1, 0, 6, 714.33, '2025-01-09 09:52:50', '2025-04-22 13:43:10', 400, 'metros', 6, 2),
(35, 'OXFORT INFLABL', 1, 0, 7, 57.08, '2025-01-09 09:53:34', '2025-04-11 18:08:27', 50, 'metros', 6, 2),
(36, 'REEBAG', 1, 0, 33, 42.8, '2025-01-09 09:54:00', '2025-04-10 17:07:43', 50, 'metros', 6, 2),
(37, 'GSUPER POLI-02', 1, 0, 0, 43, '2025-01-09 09:55:42', '2025-01-09 09:55:42', 50, 'metros', 6, 2),
(38, 'OXFORD IMPERMEABLE', 1, 0, 8, 92, '2025-01-09 09:56:08', '2025-04-10 16:32:32', 50, 'metros', 6, 2),
(39, 'Papel de sublimacion', 1, 0, 3, 56, '2025-01-09 09:57:04', '2025-04-22 13:02:51', 15, 'metros', 7, 3),
(40, 'Papel de proteccion', 1, 0, 1, 2, '2025-01-09 09:57:24', '2025-03-31 13:56:35', 2, 'metros', 7, 3),
(41, 'azul profundo', 1, 2, 0, 4, '2025-01-09 09:59:44', '2025-04-21 17:57:53', 2, 'rollos', 8, 5),
(42, 'rojo intenso', 1, 3, 0, 4, '2025-01-09 10:00:15', '2025-04-07 17:11:00', 2, 'rollos', 8, 5),
(43, 'Verde Bosque', 1, 0, 0, 1, '2025-01-09 10:00:32', '2025-01-09 10:00:32', 2, 'rollos', 8, 5),
(44, 'Vinotinto', 1, 0, 1, 1, '2025-01-09 10:00:50', '2025-03-19 14:10:31', 1, 'rollos', 8, 5),
(45, 'Rosa Barbie', 1, 2, 0, 3, '2025-01-09 10:01:02', '2025-04-01 14:08:41', 2, 'rollos', 8, 5),
(46, 'Aguamarina', 1, 0, 1, 1, '2025-01-09 10:01:17', '2025-03-12 21:19:07', 2, 'rollos', 8, 5),
(47, 'Negro Puro', 1, 0, 0, 1, '2025-01-09 10:01:33', '2025-01-09 10:01:33', 2, 'rollos', 8, 5),
(48, 'blanco', 1, 1, 0, 5, '2025-01-09 10:02:09', '2025-04-18 13:29:47', 2, 'rollos', 9, 6),
(49, 'azul (joya)', 1, 0, 0, 1, '2025-01-09 10:02:21', '2025-01-09 10:02:21', 2, 'rollos', 9, 6),
(50, 'Amarillo Tostado', 1, 2, 0, 2, '2025-01-09 10:02:34', '2025-04-07 15:51:37', 2, 'rollos', 9, 6),
(51, 'Naranja', 1, 0, 1, 0, '2025-01-09 10:03:12', '2025-04-18 13:29:47', 2, 'rollos', 9, 6),
(52, 'Azul Rey', 1, 3, 0, 4, '2025-01-09 10:03:30', '2025-04-21 17:57:53', 2, 'rollos', 9, 6),
(53, 'Negro', 1, 0, 1, 3, '2025-01-09 10:03:43', '2025-04-22 14:32:17', 2, 'rollos', 9, 6),
(54, 'Gris Castor', 1, 2, 0, 2, '2025-01-09 10:03:54', '2025-04-21 17:57:53', 2, 'rollos', 9, 6),
(55, 'ATENAS SPORT', 1, 0, 14, 135.88, '2025-01-13 14:38:42', '2025-04-22 13:02:51', 5, 'metros', 6, 2),
(56, 'Vinil Mate', 1, 0, 1, 0, '2025-01-14 13:47:49', '2025-03-07 19:49:17', 1, 'rollos', 10, 7),
(57, 'microperforado', 1, 0, 0, 1, '2025-01-14 13:50:08', '2025-01-14 13:50:08', 1, 'rollos', 10, 7),
(58, 'Clear Mate', 1, 0, 1, 2, '2025-01-14 13:51:10', '2025-04-07 19:25:09', 1, 'rollos', 10, 7),
(59, 'Clear Brillante', 1, 2, 0, 0, '2025-01-14 13:52:01', '2025-02-14 15:53:29', 1, 'rollos', 10, 7),
(60, 'Banner 13', 1, 0, 1, 1, '2025-01-14 13:52:57', '2025-04-22 13:42:34', 10, 'rollos', 10, 7),
(61, 'Banner 10', 1, 0, 0, 2, '2025-01-14 13:54:11', '2025-01-14 13:54:11', 1, 'rollos', 10, 7),
(62, 'Banner 08', 1, 0, 0, 2, '2025-01-14 13:55:33', '2025-01-14 13:55:33', 1, 'rollos', 10, 7),
(63, 'verde lima', 1, 2, 0, 2, '2025-01-20 17:10:19', '2025-04-21 17:57:53', 2, 'rollos', 9, 6),
(64, 'TAFETA ANTISTATIC', 1, 0, 4, 233.9, '2025-01-22 13:03:39', '2025-04-15 18:50:29', 50, 'metros', 6, 2),
(65, 'Azul cobalto', 1, 2, 0, 4, '2025-01-22 19:46:06', '2025-04-21 17:57:53', 1, 'rollos', 8, 5),
(66, 'Verde pino', 1, 0, 1, 0, '2025-01-22 19:52:28', '2025-04-15 14:11:20', 1, 'rollos', 9, 6),
(67, 'Rojo', 1, 1, 0, 3, '2025-01-22 19:53:06', '2025-04-18 13:29:47', 1, 'rollos', 9, 6),
(68, 'ATLETICA', 1, 0, 1, 13, '2025-01-23 15:39:28', '2025-04-11 13:14:46', 10, 'metros', 6, 2),
(69, 'Vinil Brillante', 1, 0, 1, 0, '2025-01-27 15:06:17', '2025-04-11 15:04:25', 1, 'rollos', 10, 7),
(70, 'TAFETA IMPERPLUS', 1, 0, 13, 32, '2025-02-03 13:38:24', '2025-03-20 19:06:18', 30, 'metros', 6, 2),
(71, 'Blanco 2022', 1, 5, 0, 5, '2025-02-04 20:12:21', '2025-04-15 18:50:17', 1, 'rollos', 8, 5),
(72, 'Morado Profundo', 1, 0, 1, 0, '2025-02-04 20:13:07', '2025-04-01 14:58:14', 1, 'rollos', 9, 6),
(73, 'Azul Cielo', 1, 0, 1, 2, '2025-02-04 20:13:48', '2025-04-18 13:29:47', 1, 'rollos', 8, 5),
(74, 'Amarillo Lima', 1, 0, 1, 1, '2025-02-04 20:15:55', '2025-04-07 15:51:37', 1, 'rollos', 8, 5),
(75, 'mandarina', 1, 0, 1, 1, '2025-02-07 17:48:15', '2025-04-15 12:34:43', 1, 'rollos', 8, 5),
(76, 'OXFORD 600D', 1, 0, 21, 227.56, '2025-02-10 17:06:39', '2025-04-21 18:48:01', 50, 'metros', 6, 2),
(77, 'OXFORD 300 PRUEBA', 1, 150.87, 0, 150.87, '2025-02-10 17:08:12', '2025-02-10 17:08:18', 50, 'metros', 6, 2),
(78, 'gris frances', 1, 1, 0, 2, '2025-02-11 14:03:10', '2025-04-18 13:29:47', 1, 'rollos', 8, 5),
(79, 'fly banner mesh', 1, 0, 0, 0, '2025-03-21 13:09:11', '2025-03-21 13:09:11', 2, 'metros', 6, 2);

-- --------------------------------------------------------

--
-- Estructura de tabla para la tabla `sub_categorias`
--

CREATE TABLE `sub_categorias` (
  `id` int(11) NOT NULL,
  `sub_categoria` varchar(250) DEFAULT NULL,
  `status` tinyint(4) DEFAULT 1
) ENGINE=InnoDB DEFAULT CHARSET=latin1 COLLATE=latin1_swedish_ci;

--
-- Volcado de datos para la tabla `sub_categorias`
--

INSERT INTO `sub_categorias` (`id`, `sub_categoria`, `status`) VALUES
(1, 'Tinta ECO', 1),
(2, 'Tinta sub - papel', 1),
(3, 'Tinta UV', 1),
(4, 'Sublimacion directa', 1),
(5, 'Mimaki', 1),
(6, 'Tipos de telas', 1),
(7, 'Papel', 1),
(8, 'D Flex', 1),
(9, 'T Flex', 1),
(10, 'Maquina ECO', 1);

-- --------------------------------------------------------

--
-- Estructura de tabla para la tabla `usuarios`
--

CREATE TABLE `usuarios` (
  `id` int(11) NOT NULL,
  `usuario` varchar(15) DEFAULT NULL,
  `clave` varchar(100) DEFAULT NULL,
  `status` tinyint(4) DEFAULT 1
) ENGINE=InnoDB DEFAULT CHARSET=latin1 COLLATE=latin1_swedish_ci;

--
-- Volcado de datos para la tabla `usuarios`
--

INSERT INTO `usuarios` (`id`, `usuario`, `clave`, `status`) VALUES
(1, 'admin', '25d55ad283aa400af464c76d713c07ad', 1);

--
-- Índices para tablas volcadas
--

--
-- Indices de la tabla `categorias`
--
ALTER TABLE `categorias`
  ADD PRIMARY KEY (`id`);

--
-- Indices de la tabla `categoria_sub_categoria`
--
ALTER TABLE `categoria_sub_categoria`
  ADD PRIMARY KEY (`id`),
  ADD KEY `fk_id_sub_categoria_2` (`id_sub_categoria`),
  ADD KEY `fk_id_categoria_2` (`id_categoria`);

--
-- Indices de la tabla `entradasalidatotal`
--
ALTER TABLE `entradasalidatotal`
  ADD PRIMARY KEY (`id`),
  ADD KEY `fk_id_producto_2` (`id_producto`);

--
-- Indices de la tabla `movimientos`
--
ALTER TABLE `movimientos`
  ADD PRIMARY KEY (`id`),
  ADD KEY `fk_id_producto_3` (`id_producto`);

--
-- Indices de la tabla `productos`
--
ALTER TABLE `productos`
  ADD PRIMARY KEY (`id`),
  ADD KEY `fk_id_sub_categoria_1` (`id_sub_categoria`),
  ADD KEY `fk_id_categoria_1` (`id_categoria`);

--
-- Indices de la tabla `sub_categorias`
--
ALTER TABLE `sub_categorias`
  ADD PRIMARY KEY (`id`);

--
-- Indices de la tabla `usuarios`
--
ALTER TABLE `usuarios`
  ADD PRIMARY KEY (`id`);

--
-- AUTO_INCREMENT de las tablas volcadas
--

--
-- AUTO_INCREMENT de la tabla `categorias`
--
ALTER TABLE `categorias`
  MODIFY `id` int(11) NOT NULL AUTO_INCREMENT, AUTO_INCREMENT=8;

--
-- AUTO_INCREMENT de la tabla `categoria_sub_categoria`
--
ALTER TABLE `categoria_sub_categoria`
  MODIFY `id` int(11) NOT NULL AUTO_INCREMENT, AUTO_INCREMENT=11;

--
-- AUTO_INCREMENT de la tabla `entradasalidatotal`
--
ALTER TABLE `entradasalidatotal`
  MODIFY `id` int(11) NOT NULL AUTO_INCREMENT, AUTO_INCREMENT=1024;

--
-- AUTO_INCREMENT de la tabla `movimientos`
--
ALTER TABLE `movimientos`
  MODIFY `id` int(11) NOT NULL AUTO_INCREMENT, AUTO_INCREMENT=1024;

--
-- AUTO_INCREMENT de la tabla `productos`
--
ALTER TABLE `productos`
  MODIFY `id` int(11) NOT NULL AUTO_INCREMENT, AUTO_INCREMENT=80;

--
-- AUTO_INCREMENT de la tabla `sub_categorias`
--
ALTER TABLE `sub_categorias`
  MODIFY `id` int(11) NOT NULL AUTO_INCREMENT, AUTO_INCREMENT=11;

--
-- AUTO_INCREMENT de la tabla `usuarios`
--
ALTER TABLE `usuarios`
  MODIFY `id` int(11) NOT NULL AUTO_INCREMENT, AUTO_INCREMENT=2;

--
-- Restricciones para tablas volcadas
--

--
-- Filtros para la tabla `categoria_sub_categoria`
--
ALTER TABLE `categoria_sub_categoria`
  ADD CONSTRAINT `fk_id_categoria_2` FOREIGN KEY (`id_categoria`) REFERENCES `categorias` (`id`),
  ADD CONSTRAINT `fk_id_sub_categoria_2` FOREIGN KEY (`id_sub_categoria`) REFERENCES `sub_categorias` (`id`);

--
-- Filtros para la tabla `entradasalidatotal`
--
ALTER TABLE `entradasalidatotal`
  ADD CONSTRAINT `fk_id_producto_2` FOREIGN KEY (`id_producto`) REFERENCES `productos` (`id`);

--
-- Filtros para la tabla `movimientos`
--
ALTER TABLE `movimientos`
  ADD CONSTRAINT `fk_id_producto_3` FOREIGN KEY (`id_producto`) REFERENCES `productos` (`id`);

--
-- Filtros para la tabla `productos`
--
ALTER TABLE `productos`
  ADD CONSTRAINT `fk_id_categoria_1` FOREIGN KEY (`id_categoria`) REFERENCES `categorias` (`id`),
  ADD CONSTRAINT `fk_id_sub_categoria_1` FOREIGN KEY (`id_sub_categoria`) REFERENCES `sub_categorias` (`id`);
COMMIT;

/*!40101 SET CHARACTER_SET_CLIENT=@OLD_CHARACTER_SET_CLIENT */;
/*!40101 SET CHARACTER_SET_RESULTS=@OLD_CHARACTER_SET_RESULTS */;
/*!40101 SET COLLATION_CONNECTION=@OLD_COLLATION_CONNECTION */;
